"GIORNATE FAI DI PRIMAVERA 2019. CONSUNTIVO DATI E CONTRIBUTI";;;;;;;;;;;;;;;;;;;;;;;;;;;;;;;;;;
"Delegazione/Gruppo";"DATI GENERALI";;;;;;;"ISCRIZIONI e AMICO FAI";;;;;;;;;"ENTRATE";;;;"Totale RACCOLTA IN PIAZZA";"raccolta media € / visitatori";"USCITE";;;;;;"Utile ";;;;;
;"N° luoghi aperti";"N° visitatori";"N° Visitatori Arte un ponte tra culture";"N° volontari (incluso delegati)";"N° volontari Protezione Civile ";"N° Apprendisti Ciceroni";"N° studenti universitari";"Iscritti NUOVI";"€ Nuovi";"Iscritti RINNOVI";"€ Rinnovi";"Totale N° 
N+R";"% iscritti / visitatori";"Amico FAI";"€ Amico FAI";"Totale €  N+R+Amici";"CTB da Enti PUBBLICI";"CTB da Enti Privati";"CTB da Visitatori";"Totale Entrate";;;"mance";"pulizie";"postali";"permessi";"altro ";"Totale USCITE";;;;;;
"ABRUZZO";;;;;;;;;;;;;;;;;;;;;;;;;;;;;;;;;;
"Delegazione de L'Aquila";" 10 ";" 6.150 ";" -   ";" 15 ";" -   ";" 63 ";" -   ";" 55 ";€ 1.819,00;" 7 ";€ 246,00;" 62 ";1,01%;" 67 ";€ 725,00;€ 2.860,00;€ 0,00;€ 0,00;€ 4.699,00;€ 4.699,00;€ 7.559,00;€ 1,23;€ 0,00;€ 0,00;€ 0,00;€ 0,00;€ 0,00;€ 0,00;€ 4.699,00;;;;;
"Gruppo FAI della Marsica";" 5 ";" 537 ";" -   ";" 21 ";" -   ";" 31 ";" 3 ";" 44 ";€ 1.410,00;" 8 ";€ 282,00;" 52 ";9,68%;" 11 ";€ 110,00;€ 1.846,00;€ 0,00;€ 0,00;€ 331,00;€ 331,00;€ 2.177,00;€ 4,05;€ 0,00;€ 0,00;€ 0,00;€ 0,00;€ 0,00;€ 0,00;€ 331,00;;;;;
" Delegazione di Chieti ";" 15 ";" 7.247 ";" -   ";" 40 ";" 10 ";" 170 ";" -   ";" 51 ";€ 1.643,00;" 17 ";€ 612,00;" 68 ";0,94%;" 35 ";€ 360,00;€ 2.692,00;€ 0,00;€ 0,00;€ 2.644,22;€ 2.644,22;€ 5.336,22;€ 0,74;€ 0,00;€ 0,00;€ 0,00;€ 0,00;€ 555,90;€ 555,90;€ 2.088,32;;;;;
"Delegazione di Lanciano";" 5 ";" 2.900 ";" -   ";" 20 ";" -   ";" 120 ";" -   ";" 19 ";€ 649,00;" 3 ";€ 97,00;" 22 ";0,76%;" 3 ";€ 30,00;€ 776,00;€ 0,00;€ 0,00;€ 1.091,40;€ 1.091,40;€ 1.867,40;€ 0,64;€ 0,00;€ 0,00;€ 0,00;€ 0,00;€ 229,40;€ 229,40;€ 862,00;;;;;
"Delegazione di Pescara";" 4 ";" 3.200 ";" -   ";" 14 ";" 20 ";" 60 ";" -   ";" 18 ";€ 666,00;" 9 ";€ 296,00;" 27 ";0,84%;" 17 ";€ 170,00;€ 1.132,00;€ 0,00;€ 0,00;€ 1.146,00;€ 1.146,00;€ 2.278,00;€ 0,71;€ 0,00;€ 0,00;€ 0,00;€ 0,00;€ 43,00;€ 43,00;€ 1.103,00;;;;;
"Delegazione di Teramo ";" 12 ";" 4.200 ";" 100 ";" 44 ";" -   ";" 84 ";" -   ";" 42 ";€ 1.406,00;" 17 ";€ 539,00;" 59 ";1,40%;" 111 ";€ 1.110,00;€ 3.104,00;€ 2.500,00;€ 0,00;€ 1.125,00;€ 3.625,00;€ 4.229,00;€ 1,01;€ 0,00;€ 0,00;€ 0,00;€ 0,00;€ 0,00;€ 0,00;€ 3.625,00;;;;;
"Delegazione di Vasto";" 8 ";" 2.500 ";" -   ";" 24 ";" 6 ";" 98 ";" 1 ";" 18 ";€ 559,00;" 16 ";€ 551,00;" 34 ";1,36%;" -   ";€ 0,00;€ 1.110,00;€ 0,00;€ 0,00;€ 1.675,00;€ 1.675,00;€ 2.785,00;€ 1,11;€ 0,00;€ 0,00;€ 0,00;€ 0,00;€ 74,00;€ 74,00;€ 1.601,00;;;;;
"BASILICATA";;;;;;;;;;;;;;;;;;;;;;;;;;;;;;;;;;
"Delegazione FAI della Costa Jonica";" 14 ";" 2.500 ";" -   ";" 40 ";" -   ";" 260 ";" 3 ";" 9 ";€ 253,00;" 3 ";€ 99,00;" 12 ";0,48%;" 22 ";€ 220,00;€ 572,00;€ 0,00;€ 0,00;€ 1.312,70;€ 1.312,70;€ 1.884,70;€ 0,75;€ 0,00;€ 60,00;€ 8,05;€ 0,00;€ 268,30;€ 336,35;€ 976,35;;;;;
"Delegazione FAI di Matera";" 34 ";" 17.000 ";" 100 ";" 155 ";" -   ";" 871 ";" 40 ";" 34 ";€ 1.148,00;" 31 ";€ 1.069,00;" 65 ";0,38%;" 80 ";€ 820,00;€ 3.048,00;€ 0,00;€ 0,00;€ 8.327,84;€ 8.327,84;€ 11.375,84;€ 0,67;€ 0,00;€ 0,00;€ 0,00;€ 0,00;€ 919,84;€ 919,84;€ 7.408,00;;;;;
"Gruppo FAI di Tricarico";" 13 ";" 1.887 ";" -   ";" 66 ";" -   ";" 103 ";" -   ";" 9 ";€ 296,00;" 6 ";€ 180,00;" 15 ";0,79%;" 25 ";€ 250,00;€ 726,00;€ 0,00;€ 0,00;€ 910,00;€ 910,00;€ 1.636,00;€ 0,87;€ 0,00;€ 0,00;€ 0,00;€ 0,00;€ 0,00;€ 0,00;€ 910,00;;;;;
"Delegazione FAI di Potenza";" 26 ";" 4.434 ";" -   ";" 126 ";" -   ";" 242 ";" 3 ";" 14 ";€ 445,00;" 6 ";€ 189,00;" 20 ";0,45%;" 22 ";€ 230,00;€ 874,00;€ 0,00;€ 0,00;€ 2.451,00;€ 2.451,00;€ 3.325,00;€ 0,75;€ 0,00;€ 0,00;€ 7,00;€ 0,00;€ 0,00;€ 7,00;€ 2.444,00;;;;;
"CALABRIA";;;;;;;;;;;;;;;;;;;;;;;;;;;;;;;;;;
"Delegazione FAI del Pollino";" 3 ";" 480 ";" -   ";" 6 ";" 4 ";" 52 ";" -   ";" 34 ";€ 1.287,00;" 16 ";€ 543,00;" 50 ";10,42%;" -   ";€ 0,00;€ 1.830,00;€ 0,00;€ 0,00;€ 99,00;€ 99,00;€ 1.929,00;€ 4,02;€ 0,00;€ 0,00;€ 0,00;€ 0,00;€ 0,00;€ 0,00;€ 99,00;;;;;
"Delegazione FAI della Locride e della Piana";" 8 ";" 2.800 ";" 21 ";" 12 ";" 8 ";" 140 ";" -   ";" 61 ";€ 1.943,00;" 82 ";€ 2.738,00;" 143 ";5,11%;" 69 ";€ 690,00;€ 5.451,00;€ 0,00;€ 0,00;€ 1.531,00;€ 1.531,00;€ 6.982,00;€ 2,49;€ 0,00;€ 0,00;€ 0,00;€ 0,00;€ 0,00;€ 0,00;€ 1.531,00;;;;;
"Delegazione FAI di Catanzaro";" 11 ";" 3.000 ";" 150 ";" 20 ";" 8 ";" 180 ";" 7 ";" 73 ";€ 2.400,00;" 66 ";€ 2.168,00;" 139 ";4,63%;" 5 ";€ 50,00;€ 4.618,00;€ 0,00;€ 0,00;€ 3.784,00;€ 3.784,00;€ 8.402,00;€ 2,80;€ 0,00;€ 0,00;€ 0,00;€ 0,00;€ 0,00;€ 0,00;€ 3.784,00;;;;;
"Delegazione FAI di Cosenza";" 3 ";" 1.500 ";" -   ";" 12 ";" 6 ";" 90 ";" -   ";" 31 ";€ 1.038,00;" 57 ";€ 1.894,00;" 88 ";5,87%;" -   ";€ 0,00;€ 2.932,00;€ 0,00;€ 0,00;€ 1.908,00;€ 1.908,00;€ 4.840,00;€ 3,23;€ 0,00;€ 0,00;€ 0,00;€ 0,00;€ 0,00;€ 0,00;€ 1.908,00;;;;;
"Gruppo FAI di Rossano";" 6 ";" 500 ";" -   ";" 7 ";" 6 ";" 18 ";" -   ";" 33 ";€ 1.060,00;" 8 ";€ 240,00;" 41 ";8,20%;" 5 ";€ 50,00;€ 1.350,00;€ 0,00;€ 0,00;€ 106,82;€ 106,82;€ 1.456,82;€ 2,91;€ 0,00;€ 0,00;€ 1,12;€ 0,00;€ 0,00;€ 1,12;€ 105,70;;;;;
"Delegazione FAI di Reggio Calabria";" 1 ";" 776 ";" -   ";" 20 ";" 7 ";" 80 ";" -   ";" 10 ";€ 332,00;" 5 ";€ 147,00;" 15 ";1,93%;" 15 ";€ 150,00;€ 639,00;€ 0,00;€ 0,00;€ 404,00;€ 404,00;€ 1.043,00;€ 1,34;€ 0,00;€ 0,00;€ 0,00;€ 0,00;€ 0,00;€ 0,00;€ 404,00;;;;;
"Gruppo FAI di Santa Severina";" 1 ";" 400 ";" -   ";" 4 ";" -   ";" 40 ";" -   ";" 11 ";€ 391,00;" 8 ";€ 450,00;" 19 ";4,75%;" -   ";€ 0,00;€ 841,00;€ 0,00;€ 0,00;€ 520,00;€ 520,00;€ 1.361,00;€ 3,40;€ 0,00;€ 0,00;€ 0,00;€ 0,00;€ 0,00;€ 0,00;€ 520,00;;;;;
"Delegazione FAI di Vibo Valentia";" 5 ";" 500 ";" -   ";" 11 ";" 2 ";" 30 ";" -   ";" 4 ";€ 98,00;" -   ";€ 0,00;" 4 ";0,80%;" 16 ";€ 160,00;€ 258,00;€ 0,00;€ 0,00;€ 677,30;€ 677,30;€ 935,30;€ 1,87;€ 0,00;€ 0,00;€ 0,00;€ 0,00;€ 0,00;€ 0,00;€ 677,30;;;;;
"CAMPANIA";;;;;;;;;;;;;;;;;;;;;;;;;;;;;;;;;;
"Delegazione FAI di Avellino";" 7 ";" 4.000 ";" -   ";" 22 ";" -   ";" 230 ";" 10 ";" 17 ";€ 577,00;" 3 ";€ 80,00;" 20 ";0,50%;" 15 ";€ 160,00;€ 817,00;€ 0,00;€ 0,00;€ 3.150,00;€ 3.150,00;€ 3.967,00;€ 0,99;€ 0,00;€ 0,00;€ 0,00;€ 0,00;€ 0,00;€ 0,00;€ 3.150,00;;;;;
"Delegazione FAI di Benevento";" 4 ";" 800 ";" -   ";" 21 ";" -   ";" 75 ";" -   ";" 11 ";€ 354,00;" 4 ";€ 138,00;" 15 ";1,88%;" 9 ";€ 90,00;€ 582,00;€ 0,00;€ 0,00;€ 310,00;€ 310,00;€ 892,00;€ 1,12;€ 0,00;€ 0,00;€ 0,00;€ 0,00;€ 0,00;€ 0,00;€ 310,00;;;;;
"Delegazione FAI di Caserta + Aversa";" 11 ";" 6.000 ";" 5 ";" 20 ";" -   ";" 200 ";" -   ";" 88 ";€ 2.183,00;" 16 ";€ 529,00;" 104 ";1,73%;" 4 ";€ 40,00;€ 2.752,00;€ 0,00;€ 0,00;€ 950,00;€ 950,00;€ 3.702,00;€ 0,62;€ 20,00;€ 0,00;€ 0,00;€ 0,00;€ 84,00;€ 104,00;€ 846,00;;;;;
"Delegazione FAI di Napoli";" 11 ";" 15.000 ";" 20 ";" 100 ";" 20 ";" 1.000 ";" 5 ";" 409 ";€ 12.890,00;" 51 ";€ 1.612,00;" 460 ";3,07%;" 87 ";€ 870,00;€ 15.402,00;€ 0,00;€ 0,00;€ 9.209,00;€ 9.209,00;€ 24.611,00;€ 1,64;€ 200,00;€ 0,00;€ 0,00;€ 0,00;€ 1.375,92;€ 1.575,92;€ 7.633,08;;;;;
"Delegazione FAI di Salerno";" 17 ";" 3.800 ";" -   ";" 24 ";" -   ";" 158 ";" -   ";" 75 ";€ 2.453,00;" 48 ";€ 1.618,00;" 123 ";3,24%;" 2 ";€ 20,00;€ 4.205,00;€ 0,00;€ 0,00;€ 5.000,00;€ 5.000,00;€ 9.205,00;€ 2,42;€ 0,00;€ 0,00;€ 0,00;€ 0,00;€ 0,00;€ 0,00;€ 5.000,00;;;;;
"EMILIA ROMAGNA";;;;;;;;;;;;;;;;;;;;;;;;;;;;;;;;;;
"Delegazione FAI di Bologna";" 4 ";" 12.587 ";" 95 ";" 152 ";" 4 ";" 159 ";" 8 ";" 355 ";€ 11.565,00;" 157 ";€ 5.122,00;" 512 ";4,07%;" -   ";€ 0,00;€ 17.467,00;€ 0,00;€ 1.055,00;€ 20.798,00;€ 21.853,00;€ 38.265,00;€ 3,04;€ 300,00;€ 0,00;€ 0,00;€ 0,00;€ 169,38;€ 469,38;€ 21.383,62;;;;;
"Gruppo FAI di Imola";" 5 ";" 3.930 ";" 12 ";" 56 ";" -   ";" 282 ";" -   ";" 18 ";€ 562,00;" 18 ";€ 594,00;" 36 ";0,92%;" -   ";€ 0,00;€ 1.216,00;€ 0,00;€ 0,00;€ 9.083,00;€ 9.083,00;€ 10.299,00;€ 2,62;€ 0,00;€ 0,00;€ 0,00;€ 0,00;€ 0,00;€ 0,00;€ 9.083,00;;;;;
"Gruppo FAI di Pieve di Cento";" 2 ";" 625 ";" 9 ";" 13 ";" -   ";" 12 ";" -   ";" 17 ";€ 566,00;" 13 ";€ 435,00;" 30 ";4,80%;" -   ";€ 0,00;€ 1.001,00;€ 0,00;€ 0,00;€ 671,00;€ 671,00;€ 1.672,00;€ 2,68;€ 0,00;€ 0,00;€ 0,00;€ 0,00;€ 0,00;€ 0,00;€ 671,00;;;;;
"Gruppo FAI San Lazzaro di Savena";" 2 ";" 1.393 ";" -   ";" 16 ";" -   ";" 21 ";" -   ";" 32 ";€ 1.044,00;" 9 ";€ 297,00;" 41 ";2,94%;" -   ";€ 0,00;€ 1.341,00;€ 0,00;€ 0,00;€ 1.959,00;€ 1.959,00;€ 3.300,00;€ 2,37;€ 0,00;€ 0,00;€ 0,00;€ 0,00;€ 393,31;€ 393,31;€ 1.565,69;;;;;
"Delegazione FAI di Cesena";" 4 ";" 3.987 ";" -   ";" 17 ";" -   ";" 107 ";" -   ";" 52 ";€ 1.582,00;" 17 ";€ 575,00;" 69 ";1,73%;" 11 ";€ 110,00;€ 2.267,00;€ 0,00;€ 0,00;€ 4.647,06;€ 4.647,06;€ 6.914,06;€ 1,73;€ 0,00;€ 0,00;€ 0,00;€ 0,00;€ 0,00;€ 0,00;€ 4.647,06;;;;;
"Delegazione FAI di Ferrara";" 2 ";" 3.032 ";" -   ";" 14 ";" -   ";" 50 ";" -   ";" 38 ";€ 1.233,00;" 85 ";€ 2.815,00;" 123 ";4,06%;" -   ";€ 0,00;€ 4.126,00;€ 0,00;€ 0,00;€ 6.567,00;€ 6.567,00;€ 10.693,00;€ 3,53;€ 50,00;€ 0,00;€ 0,00;€ 22,15;€ 161,40;€ 233,55;€ 6.333,45;;;;;
"Delegazione FAI di Forlì";" 6 ";" 3.089 ";" -   ";" 28 ";" 4 ";" 110 ";" -   ";" 37 ";€ 852,00;" 12 ";€ 573,00;" 49 ";1,59%;" 27 ";€ 270,00;€ 1.695,00;€ 0,00;€ 0,00;€ 6.362,00;€ 6.362,00;€ 8.057,00;€ 2,61;€ 0,00;€ 0,00;€ 0,00;€ 0,00;€ 0,00;€ 0,00;€ 6.362,00;;;;;
"Delegazione FAI di Modena";" 1 ";" 4.300 ";" -   ";" 60 ";" -   ";" 190 ";" -   ";" 311 ";€ 9.579,00;" 39 ";€ 1.326,00;" 350 ";8,14%;" 1 ";€ 10,00;€ 10.915,00;€ 0,00;€ 0,00;€ 7.100,00;€ 7.100,00;€ 18.015,00;€ 4,19;€ 0,00;€ 0,00;€ 0,00;€ 0,00;€ 0,00;€ 0,00;€ 7.100,00;;;;;
"Gruppo FAI della Bassa Modenese";" 2 ";" 4.500 ";" -   ";" 43 ";" -   ";" 80 ";" -   ";" 63 ";€ 2.029,00;" 29 ";€ 963,00;" 92 ";2,04%;" 23 ";€ 230,00;€ 3.300,00;€ 0,00;€ 0,00;€ 10.863,70;€ 10.863,70;€ 14.163,70;€ 3,15;€ 0,00;€ 0,00;€ 0,00;€ 0,00;€ 162,30;€ 162,30;€ 10.701,40;;;;;
"Delegazione FAI di Parma";" 8 ";" 4.764 ";" -   ";" 53 ";" -   ";" 20 ";" 6 ";" 67 ";€ 1.955,00;" 22 ";€ 711,00;" 89 ";1,87%;" -   ";€ 0,00;€ 2.671,00;€ 0,00;€ 300,00;€ 7.379,42;€ 7.679,42;€ 10.050,42;€ 2,11;;;;;;€ 0,00;€ 7.679,42;;;;;
"Delegazione FAI di Ravenna";" 2 ";" 2.000 ";" 80 ";" 40 ";" 17 ";" 35 ";" 2 ";" 17 ";€ 554,00;" 15 ";€ 521,00;" 32 ";1,60%;" -   ";€ 0,00;€ 1.075,00;€ 0,00;€ 0,00;€ 5.051,47;€ 5.051,47;€ 6.126,47;€ 3,06;€ 0,00;€ 0,00;€ 0,00;€ 0,00;€ 0,00;€ 0,00;€ 5.051,47;;;;;
"Gruppo FAI di Cervia";" 1 ";" 750 ";" -   ";" 4 ";" 4 ";" 21 ";0;" 3 ";€ 99,00;" 2 ";€ 60,00;" 5 ";0,67%;" 4 ";€ 40,00;€ 209,00;€ 0,00;€ 0,00;€ 1.061,00;€ 1.061,00;€ 1.270,00;€ 1,69;€ 0,00;€ 0,00;€ 0,00;€ 0,00;€ 0,00;€ 0,00;€ 1.061,00;;;;;
"Gruppo FAI di Faenza";" 2 ";" 1.940 ";" -   ";" 14 ";" 13 ";" 55 ";" -   ";" 21 ";€ 728,00;" 15 ";€ 483,00;" 36 ";1,86%;" 12 ";€ 120,00;€ 1.331,00;€ 0,00;€ 0,00;€ 3.113,94;€ 3.113,94;€ 4.444,94;€ 2,29;€ 0,00;€ 0,00;€ 0,00;€ 0,00;€ 0,00;€ 0,00;€ 3.113,94;;;;;
"Gruppo FAI di Lugo";" 3 ";" 1.440 ";" -   ";" 10 ";" 10 ";" 55 ";" -   ";" 12 ";€ 414,00;" 15 ";€ 492,00;" 27 ";1,88%;" -   ";€ 0,00;€ 906,00;€ 0,00;€ 0,00;€ 3.001,60;€ 3.001,60;€ 3.907,60;€ 2,71;€ 0,00;€ 0,00;€ 0,00;€ 0,00;€ 0,00;€ 0,00;€ 3.001,60;;;;;
"Delegazione FAI di Reggio Emilia";" 2 ";" 3.563 ";" 110 ";" 24 ";" 20 ";" 150 ";" -   ";" 46 ";€ 1.495,00;" 38 ";€ 1.253,00;" 84 ";2,36%;" -   ";€ 0,00;€ 2.748,00;€ 0,00;€ 6.350,00;€ 7.583,71;€ 13.933,71;€ 10.331,71;€ 2,90;€ 300,00;€ 0,00;€ 333,60;€ 0,00;€ 790,88;€ 1.424,48;€ 12.509,23;;;;;
"Delegazione FAI di Rimini";" 3 ";" 3.759 ";" 3 ";" 38 ";" -   ";" 77 ";" -   ";" 19 ";€ 627,00;" 11 ";€ 368,00;" 30 ";0,80%;" 7 ";€ 70,00;€ 1.065,00;€ 0,00;€ 0,00;€ 6.004,10;€ 6.004,10;€ 7.069,10;€ 1,88;€ 0,00;€ 0,00;€ 0,00;€ 0,00;€ 0,00;€ 0,00;€ 6.004,10;;;;;
"FRIULI VENEZIA GIULIA";;;;;;;;;;;;;;;;;;;;;;;;;;;;;;;;;;
"Delegazione FAI di Gorizia";" 4 ";" 1.700 ";" -   ";" 22 ";" 4 ";" 47 ";" -   ";" 10 ";€ 879,00;" 4 ";€ 109,00;" 14 ";0,82%;" 39 ";€ 390,00;€ 1.378,00;€ 0,00;€ 0,00;€ 2.060,00;€ 2.060,00;€ 3.438,00;€ 2,02;€ 0,00;€ 0,00;€ 0,00;€ 0,00;€ 0,00;€ 0,00;€ 2.060,00;;;;;
"Delegazione FAI di Pordenone";" 7 ";" 1.500 ";" -   ";" 28 ";" -   ";" 28 ";" -   ";" 23 ";€ 797,00;" 20 ";€ 687,00;" 43 ";2,87%;" 15 ";€ 155,00;€ 1.649,00;€ 0,00;€ 0,00;€ 2.975,00;€ 2.975,00;€ 4.624,00;€ 3,08;€ 0,00;;€ 0,00;€ 0,00;€ 0,00;€ 0,00;€ 2.975,00;;;;;
"Gruppo FAI di Spilimbergo";" 2 ";" 450 ";" -   ";" 5 ";" -   ";" 17 ";" -   ";" 7 ";€ 218,00;" 2 ";€ 60,00;" 9 ";2,00%;" 3 ";€ 30,00;€ 308,00;€ 0,00;€ 0,00;€ 1.297,00;€ 1.297,00;€ 1.605,00;€ 3,57;€ 0,00;€ 0,00;€ 0,00;€ 0,00;€ 0,00;€ 0,00;€ 1.297,00;;;;;
"Delegazione FAI di Trieste";" 2 ";" 2.960 ";" -   ";" 38 ";" -   ";" 55 ";" 3 ";" 37 ";€ 1.221,00;" 24 ";€ 809,00;" 61 ";2,06%;" 98 ";€ 980,00;€ 3.061,00;€ 0,00;€ 0,00;€ 3.603,00;€ 3.603,00;€ 6.664,00;€ 2,25;€ 0,00;€ 0,00;€ 0,00;€ 0,00;€ 0,00;€ 0,00;€ 3.603,00;;;;;
"Delegazione FAI di Udine ";" 5 ";" 3.500 ";" -   ";" 30 ";" 2 ";" 350 ";" -   ";" 42 ";€ 1.343,00;" 24 ";€ 840,00;" 66 ";1,89%;" 61 ";€ 610,00;€ 2.793,00;€ 0,00;€ 0,00;€ 3.770,00;€ 3.770,00;€ 6.563,00;€ 1,88;€ 0,00;€ 0,00;€ 0,00;€ 0,00;€ 0,00;€ 0,00;€ 3.770,00;;;;;
"Gruppo FAI di Cividale del Friuli";" 2 ";" 1.280 ";" -   ";" 12 ";" -   ";" 34 ";" -   ";" 12 ";€ 437,00;" 6 ";€ 216,00;" 18 ";1,41%;" 35 ";€ 350,00;€ 1.003,00;€ 0,00;€ 0,00;€ 1.220,00;€ 1.220,00;€ 2.223,00;€ 1,74;€ 0,00;€ 0,00;€ 0,00;€ 0,00;€ 0,00;€ 0,00;€ 1.220,00;;;;;
"Gruppo FAI Gemona del Friuli";" 3 ";" 750 ";" -   ";" 10 ";" -   ";" 8 ";" -   ";" 4 ";€ 137,00;" 3 ";€ 138,00;" 7 ";0,93%;" -   ";€ 0,00;€ 275,00;€ 0,00;€ 0,00;€ 1.350,00;€ 1.350,00;€ 1.625,00;€ 2,17;€ 0,00;€ 0,00;€ 0,00;€ 0,00;€ 0,00;€ 0,00;€ 1.350,00;;;;;
"Gruppo FAI di Palmanova";" 2 ";" 3.600 ";" -   ";" 14 ";" -   ";" 41 ";" 6 ";" 4 ";€ 160,00;" 9 ";€ 300,00;" 13 ";0,36%;" -   ";€ 0,00;€ 460,00;€ 0,00;€ 0,00;€ 6.995,00;€ 6.995,00;€ 7.455,00;€ 2,07;€ 0,00;€ 0,00;€ 0,00;€ 0,00;€ 0,00;€ 0,00;€ 6.995,00;;;;;
"LAZIO";;;;;;;;;;;;;;;;;;;;;;;;;;;;;;;;;;
"Delegazione FAI di Frosinone";" 11 ";" 3.440 ";" -   ";" 18 ";" 20 ";" 300 ";" -   ";" 45 ";€ 1.492,00;" 15 ";€ 468,00;" 60 ";1,74%;" 6 ";€ 60,00;€ 2.059,00;€ 0,00;€ 0,00;€ 2.007,00;€ 2.007,00;€ 4.066,00;€ 1,18;€ 0,00;€ 0,00;€ 0,00;€ 0,00;€ 0,00;€ 0,00;€ 2.007,00;;;;;
"Delegazione FAI di Gaeta Latina";" 3 ";" 3.500 ";" -   ";" 20 ";" 12 ";" 230 ";" -   ";" 110 ";€ 3.466,00;" 40 ";€ 1.097,00;" 150 ";4,29%;" 175 ";€ 1.750,00;€ 6.313,00;€ 0,00;€ 0,00;€ 2.750,00;€ 2.750,00;€ 9.063,00;€ 2,59;€ 0,00;€ 0,00;€ 0,00;€ 0,00;€ 463,60;€ 463,60;€ 2.286,40;;;;;
"Delegazione FAI di Roma";" 5 ";" 16.327 ";" -   ";" 563 ";" 48 ";" 138 ";" -   ";" 1.214 ";€ 38.694,00;" 456 ";€ 14.779,00;" 1.670 ";10,23%;" 2 ";€ 20,00;€ 54.019,00;€ 0,00;€ 0,00;€ 21.847,67;€ 21.847,67;€ 75.866,67;€ 4,65;€ 1.500,00;€ 0,00;€ 0,00;€ 0,00;€ 9.596,40;€ 11.096,40;€ 10.751,27;;;;;
"Delegazione FAI di Viterbo";" 3 ";" 3.500 ";" -   ";" 30 ";" 16 ";" 34 ";" 15 ";" 26 ";€ 819,00;" 18 ";€ 592,00;" 44 ";1,26%;" 11 ";€ 110,00;€ 1.581,00;€ 0,00;€ 0,00;€ 3.365,00;€ 3.365,00;€ 4.946,00;€ 1,41;€ 0,00;€ 0,00;€ 0,00;€ 0,00;€ 0,00;€ 0,00;€ 3.365,00;;;;;
"Gruppo FAI Sabina";" 3 ";" 2.522 ";" -   ";" 62 ";" 16 ";" 30 ";" -   ";" 37 ";€ 1.191,00;" 6 ";€ 180,00;" 43 ";1,70%;" 40 ";€ 400,00;€ 1.771,00;€ 0,00;€ 0,00;€ 1.041,10;€ 1.041,10;€ 2.812,10;€ 1,12;€ 0,00;€ 0,00;€ 0,00;€ 0,00;€ 0,00;€ 0,00;€ 1.041,10;;;;;
"LIGURIA";;;;;;;;;;;;;;;;;;;;;;;;;;;;;;;;;;
"Delegazione FAI della Spezia";" 1 ";" 3.500 ";" -   ";" 20 ";" 6 ";" 120 ";" 6 ";" 46 ";€ 1.553,00;" 39 ";€ 1.346,00;" 85 ";2,43%;" 30 ";€ 300,00;€ 3.199,00;€ 0,00;€ 0,00;€ 8.359,00;€ 8.359,00;€ 11.558,00;€ 3,30;€ 0,00;€ 0,00;€ 0,00;€ 0,00;€ 1.000,00;€ 1.000,00;€ 7.359,00;;;;;
"Delegazione FAI di Albenga Alassio";" 5 ";" 1.500 ";" -   ";" 23 ";" -   ";" 140 ";" -   ";" 55 ";€ 1.795,00;" 54 ";€ 1.625,00;" 109 ";7,27%;" 24 ";€ 240,00;€ 3.709,00;€ 0,00;€ 0,00;€ 3.943,00;€ 3.943,00;€ 7.652,00;€ 5,10;€ 0,00;€ 0,00;€ 0,00;€ 0,00;€ 664,25;€ 664,25;€ 3.278,75;;;;;
"Delegazione FAI di Genova ";" 4 ";" 4.000 ";" -   ";" 45 ";" -   ";" -   ";" 15 ";" 164 ";€ 5.327,00;" 68 ";€ 2.236,00;" 232 ";5,80%;" 16 ";€ 160,00;€ 7.734,00;€ 0,00;€ 0,00;€ 12.450,00;€ 12.450,00;€ 20.184,00;€ 5,05;€ 0,00;€ 0,00;€ 0,00;€ 0,00;€ 1.500,00;€ 1.500,00;€ 10.950,00;;;;;
"Delegazione FAI di Imperia";" 4 ";" 3.000 ";" -   ";" 60 ";" -   ";" 20 ";" -   ";" 78 ";€ 2.538,00;" 86 ";€ 2.763,00;" 164 ";5,47%;" 339 ";€ 3.450,00;€ 8.837,00;€ 0,00;€ 0,00;€ 4.666,48;€ 4.666,48;€ 13.503,48;€ 4,50;€ 0,00;€ 0,00;€ 0,00;€ 0,00;€ 0,00;€ 0,00;€ 4.666,48;;;;;
"Delegazione FAI di Portofino Tigullio";" 2 ";" 2.500 ";" -   ";" 15 ";" -   ";" 7 ";" -   ";" 29 ";€ 944,00;" 11 ";€ 356,00;" 40 ";1,60%;" 87 ";€ 900,00;€ 2.211,00;€ 0,00;€ 0,00;€ 2.780,00;€ 2.780,00;€ 4.991,00;€ 2,00;€ 0,00;€ 0,00;€ 0,00;€ 0,00;€ 0,00;€ 0,00;€ 2.780,00;;;;;
"Delegazione FAI di Savona";" 3 ";" 3.000 ";" -   ";" 30 ";" -   ";" 10 ";" 5 ";" 108 ";€ 3.419,00;" 39 ";€ 1.240,00;" 147 ";4,90%;" -   ";€ 0,00;€ 4.659,00;€ 0,00;€ 500,00;€ 7.092,00;€ 7.592,00;€ 11.751,00;€ 3,92;€ 0,00;€ 0,00;€ 0,00;€ 0,00;€ 400,00;€ 400,00;€ 7.192,00;;;;;
"LOMBARDIA";;;;;;;;;;;;;;;;;;;;;;;;;;;;;;;;;;
"Delegazione FAI del Seprio";" 5 ";" 4.500 ";" -   ";" 66 ";" 14 ";" 146 ";" -   ";" 319 ";€ 10.121,00;" 156 ";€ 4.966,00;" 475 ";10,56%;" 13 ";€ 130,00;€ 15.808,00;€ 0,00;€ 0,00;€ 9.471,00;€ 9.471,00;€ 25.279,00;€ 5,62;€ 0,00;€ 0,00;€ 0,00;€ 0,00;€ 0,00;€ 0,00;€ 9.471,00;;;;;
"Delegazione FAI dell'Alta Brianza";" 5 ";" 8.500 ";" -   ";" 120 ";" 7 ";" -   ";" -   ";" 259 ";€ 7.969,00;" 91 ";€ 2.800,00;" 350 ";4,12%;" 7 ";€ 70,00;€ 10.839,00;€ 0,00;€ 0,00;€ 11.737,00;€ 11.737,00;€ 22.576,00;€ 2,66;€ 0,00;€ 0,00;€ 0,00;€ 0,00;€ 192,90;€ 192,90;€ 11.544,10;;;;;
"Delegazione FAI dell'Oltrepò Pavese";" 4 ";" 1.200 ";" -   ";" 18 ";" 15 ";" 26 ";" -   ";" 32 ";€ 998,00;" 24 ";€ 852,00;" 56 ";4,67%;" -   ";€ 0,00;€ 1.850,00;€ 0,00;€ 0,00;€ 3.285,00;€ 3.285,00;€ 5.135,00;€ 4,28;€ 0,00;€ 0,00;€ 0,00;€ 0,00;€ 0,00;€ 0,00;€ 3.285,00;;;;;
"Delegazione FAI di Bergamo";" 12 ";" 8.300 ";" -   ";" 99 ";" 66 ";" 195 ";" -   ";" 223 ";€ 6.957,00;" 47 ";€ 1.496,00;" 270 ";3,25%;" 3 ";€ 30,00;€ 8.483,00;€ 0,00;€ 0,00;€ 8.055,00;€ 8.055,00;€ 16.538,00;€ 1,99;€ 0,00;€ 0,00;€ 0,00;€ 0,00;€ 192,90;€ 192,90;€ 7.862,10;;;;;
"Gruppo FAI della Bassa Bergamasca";" 7 ";" 4.262 ";" -   ";" 39 ";" -   ";" 58 ";" -   ";" 71 ";€ 2.198,00;" 27 ";€ 839,00;" 98 ";2,30%;" 1 ";€ 10,00;€ 3.047,00;€ 0,00;€ 0,00;€ 2.931,00;€ 2.931,00;€ 5.978,00;€ 1,40;€ 0,00;€ 0,00;€ 0,00;€ 0,00;€ 64,30;€ 64,30;€ 2.866,70;;;;;
"Delegazione FAI di Brescia";" 9 ";" 26.059 ";" 1.930 ";" 159 ";" 8 ";" 307 ";" -   ";" 313 ";€ 10.240,00;" 199 ";€ 6.640,00;" 512 ";1,96%;" 678 ";€ 7.000,00;€ 26.071,00;€ 1.200,00;€ 0,00;€ 12.910,86;€ 14.110,86;€ 38.981,86;€ 1,50;€ 0,00;€ 0,00;€ 0,00;€ 7,00;€ 1.025,50;€ 1.032,50;€ 13.078,36;;;;;
"Gruppo FAI di Sebino e Franciacorta";" 10 ";" 9.601 ";" -   ";" 77 ";" 10 ";" 47 ";" -   ";" 55 ";€ 1.755,00;" 23 ";€ 786,00;" 78 ";0,81%;" 9 ";€ 90,00;€ 3.142,00;€ 1.500,00;€ 1.242,00;€ 6.108,00;€ 8.850,00;€ 9.250,00;€ 0,96;€ 0,00;€ 0,00;€ 0,00;€ 0,00;€ 2.145,50;€ 2.145,50;€ 6.704,50;;;;;
"Gruppo FAI della Vallecamonica";" 10 ";" 7.340 ";" -   ";" 102 ";" 45 ";" -   ";" -   ";" 76 ";€ 2.390,00;" 36 ";€ 1.147,00;" 112 ";1,53%;" 31 ";€ 320,00;€ 4.859,00;€ 920,00;€ 0,00;€ 3.268,00;€ 4.188,00;€ 8.127,00;€ 1,11;€ 0,00;€ 0,00;€ 0,00;€ 0,00;€ 643,00;€ 643,00;€ 3.545,00;;;;;
"Delegazione FAI di Como";" 5 ";" 5.327 ";" -   ";" 45 ";" -   ";" -   ";" -   ";" 261 ";€ 8.310,00;" 87 ";€ 2.724,00;" 348 ";6,53%;" -   ";€ 0,00;€ 11.034,00;€ 0,00;€ 0,00;€ 7.110,00;€ 7.110,00;€ 18.144,00;€ 3,41;€ 0,00;€ 0,00;€ 0,00;€ 0,00;€ 257,20;€ 257,20;€ 6.852,80;;;;;
"Delegazione FAI di Cremona";" 4 ";" 8.198 ";" -   ";" 58 ";" 32 ";" 57 ";" -   ";" 70 ";€ 2.213,00;" 116 ";€ 3.869,00;" 186 ";2,27%;" 27 ";€ 270,00;€ 6.362,00;€ 0,00;€ 0,00;€ 8.143,64;€ 8.143,64;€ 14.505,64;€ 1,77;€ 0,00;€ 0,00;€ 0,00;€ 0,00;€ 0,00;€ 0,00;€ 8.143,64;;;;;
"Gruppo FAI di Crema";" 4 ";" 3.043 ";" -   ";" 43 ";" 19 ";" 58 ";" -   ";" 32 ";€ 1.053,00;" 26 ";€ 814,00;" 58 ";1,91%;" -   ";€ 0,00;€ 1.867,00;€ 0,00;€ 0,00;€ 4.975,00;€ 4.975,00;€ 6.842,00;€ 2,25;€ 0,00;€ 0,00;€ 0,00;€ 0,00;€ 0,00;€ 0,00;€ 4.975,00;;;;;
"Delegazione FAI di Lecco ";" 7 ";" 3.500 ";" -   ";" 90 ";" -   ";" -   ";" 12 ";" 74 ";€ 2.423,00;" 80 ";€ 2.552,00;" 154 ";4,40%;" -   ";€ 0,00;€ 4.975,00;€ 0,00;€ 0,00;€ 2.960,00;€ 2.960,00;€ 7.935,00;€ 2,27;€ 0,00;€ 0,00;€ 0,00;€ 0,00;€ 0,00;€ 0,00;€ 2.960,00;;;;;
"Delegazione FAI di Lodi Melegnano";" 3 ";" 3.000 ";" -   ";" 30 ";" 4 ";" 200 ";" -   ";" 27 ";€ 817,00;" 17 ";€ 572,00;" 44 ";1,47%;" 63 ";€ 710,00;€ 2.139,00;€ 0,00;€ 0,00;€ 5.470,00;€ 5.470,00;€ 7.609,00;€ 2,54;€ 0,00;€ 0,00;€ 0,00;€ 0,00;€ 343,09;€ 343,09;€ 5.126,91;;;;;
"Delegazione FAI di Mantova ";" 3 ";" 2.854 ";" -   ";" 19 ";" 4 ";" 43 ";" -   ";" 32 ";€ 1.019,00;" 28 ";€ 948,00;" 60 ";2,10%;" -   ";€ 0,00;€ 1.967,00;€ 0,00;€ 0,00;€ 2.825,00;€ 2.825,00;€ 4.792,00;€ 1,68;€ 0,00;€ 0,00;€ 0,00;€ 0,00;€ 128,60;€ 128,60;€ 2.696,40;;;;;
"Gruppo FAI Giovani Mantova";" 2 ";" 1.878 ";" -   ";" 20 ";" 4 ";" 20 ";" -   ";" 21 ";€ 679,00;" 9 ";€ 315,00;" 30 ";1,60%;" 1 ";€ 10,00;€ 1.004,00;€ 0,00;€ 0,00;€ 3.945,00;€ 3.945,00;€ 4.949,00;€ 2,64;€ 0,00;€ 0,00;€ 0,00;€ 0,00;€ 0,00;€ 0,00;€ 3.945,00;;;;;
"Gruppo FAI di Castiglione delle Stiviere";" 4 ";" 2.100 ";" -   ";" 13 ";" -   ";" 7 ";" -   ";" 25 ";€ 795,00;" 14 ";€ 456,00;" 39 ";1,86%;" 8 ";€ 90,00;€ 1.341,00;€ 0,00;€ 0,00;€ 2.490,00;€ 2.490,00;€ 3.831,00;€ 1,82;€ 0,00;€ 0,00;€ 0,00;€ 0,00;€ 128,60;€ 128,60;€ 2.361,40;;;;;
"Delegazione FAI di Milano";" 13 ";" 47.125 ";" -   ";" 500 ";" 9 ";" 187 ";" -   ";" 1.680 ";€ 51.436,00;" 542 ";€ 17.280,00;" 2.222 ";4,72%;" 19 ";€ 328,00;€ 69.044,00;€ 0,00;€ 0,00;€ 43.115,00;€ 43.115,00;€ 112.159,00;€ 2,38;€ 0,00;€ 0,00;€ 0,00;€ 0,00;€ 7.034,00;€ 7.034,00;€ 36.081,00;;;;;
"Gruppo FAI di Milano Nord Est";" 1 ";" 2.060 ";" -   ";" 24 ";" -   ";" -   ";" -   ";" 60 ";€ 1.886,00;" 21 ";€ 673,00;" 81 ";3,93%;" -   ";€ 0,00;€ 2.559,00;€ 0,00;€ 0,00;€ 3.686,00;€ 3.686,00;€ 6.245,00;€ 3,03;€ 0,00;€ 0,00;€ 0,00;€ 0,00;€ 128,00;€ 128,00;€ 3.558,00;;;;;
"Gruppo FAI Milano Sud Est";" 1 ";" 1.300 ";" -   ";" 23 ";" -   ";" 10 ";" -   ";" 38 ";€ 1.251,00;" 14 ";€ 465,00;" 52 ";4,00%;" 12 ";€ 120,00;€ 1.836,00;€ 0,00;€ 0,00;€ 2.794,00;€ 2.794,00;€ 4.630,00;€ 3,56;€ 0,00;€ 0,00;€ 0,00;€ 0,00;€ 128,00;€ 128,00;€ 2.666,00;;;;;
"Gruppo FAI Milano Sud Ovest";" 1 ";" 3.800 ";" -   ";" 10 ";" -   ";" 12 ";" -   ";" 75 ";€ 2.733,00;" 32 ";€ 895,00;" 107 ";2,82%;" 43 ";€ 430,00;€ 4.058,00;€ 0,00;€ 0,00;€ 4.157,00;€ 4.157,00;€ 8.215,00;€ 2,16;€ 0,00;€ 0,00;€ 0,00;€ 0,00;€ 0,00;€ 0,00;€ 4.157,00;;;;;
"Delegazione FAI di Milano Nordovest";" 3 ";" 3.560 ";" -   ";" 41 ";" 9 ";" 95 ";" -   ";" 59 ";€ 1.952,00;" 33 ";€ 1.089,00;" 92 ";2,58%;" 95 ";€ 960,00;€ 4.002,00;€ 0,00;€ 0,00;€ 4.397,00;€ 4.397,00;€ 8.399,00;€ 2,36;€ 0,00;€ 0,00;€ 0,00;€ 0,00;€ 321,50;€ 321,50;€ 4.075,50;;;;;
"Delegazione FAI di Monza";" 2 ";" 3.007 ";" -   ";" -   ";" -   ";" -   ";" -   ";" 92 ";€ 2.833,00;" 33 ";€ 1.071,00;" 125 ";4,16%;" 7 ";€ 70,00;€ 3.974,00;€ 0,00;€ 0,00;€ 9.203,00;€ 9.203,00;€ 13.177,00;€ 4,38;€ 0,00;€ 0,00;€ 0,00;€ 0,00;€ 194,60;€ 194,60;€ 9.008,40;;;;;
"Gruppo FAI del Vimercatese";" 2 ";" 2.470 ";" -   ";" -   ";" -   ";" -   ";" -   ";" 99 ";€ 3.094,00;" 25 ";€ 791,00;" 124 ";5,02%;" 4 ";€ 40,00;€ 3.964,00;€ 0,00;€ 0,00;€ 10.072,00;€ 10.072,00;€ 14.036,00;€ 5,68;€ 0,00;€ 0,00;€ 0,00;€ 0,00;€ 161,60;€ 161,60;€ 9.910,40;;;;;
"Delegazione FAI di Pavia";" 7 ";" 7.526 ";" -   ";" 87 ";" 44 ";" 161 ";" -   ";" 100 ";€ 3.780,00;" 69 ";€ 2.252,00;" 169 ";2,25%;" 59 ";€ 620,00;€ 6.652,00;€ 0,00;€ 0,00;€ 12.372,00;€ 12.372,00;€ 19.024,00;€ 2,53;€ 0,00;€ 0,00;€ 0,00;€ 0,00;€ 0,00;€ 0,00;€ 12.372,00;;;;;
"Delegazione FAI di Sondrio";" 17 ";" 4.000 ";" -   ";" 16 ";" -   ";" 150 ";" -   ";" 69 ";€ 2.207,00;" 30 ";€ 926,00;" 99 ";2,48%;" 9 ";€ 90,00;€ 3.223,00;€ 0,00;€ 0,00;€ 2.078,00;€ 2.078,00;€ 5.301,00;€ 1,33;€ 0,00;€ 0,00;€ 0,00;€ 0,00;€ 186,48;€ 186,48;€ 1.891,52;;;;;
"Delegazione di Valcuvia, Luino e Verbano Orientale";" 2 ";" 2.200 ";" -   ";" 20 ";" 7 ";" 18 ";" -   ";" 92 ";€ 2.860,00;" 45 ";€ 1.431,00;" 137 ";6,23%;" 2 ";€ 30,00;€ 4.381,00;€ 0,00;€ 0,00;€ 5.835,00;€ 5.835,00;€ 10.216,00;€ 4,64;€ 0,00;€ 0,00;€ 0,00;€ 0,00;€ 192,90;€ 192,90;€ 5.642,10;;;;;
"Delegazione FAI di Varese";" 6 ";" 4.840 ";" -   ";" 75 ";" 2 ";" 52 ";" -   ";" 97 ";€ 3.189,00;" 65 ";€ 2.086,00;" 162 ";3,35%;" 41 ";€ 430,00;€ 5.795,00;€ 0,00;€ 0,00;€ 4.368,50;€ 4.368,50;€ 10.163,50;€ 2,10;€ 0,00;€ 0,00;€ 0,00;€ 0,00;€ 321,50;€ 321,50;€ 4.047,00;;;;;
"MARCHE";;;;;;;;;;;;;;;;;;;;;;;;;;;;;;;;;;
"Delegazione FAI di Ancona";" 6 ";" 8.000 ";" -   ";" 60 ";" 10 ";" 340 ";" 10 ";" 115 ";€ 3.751,00;" 67 ";;" 182 ";2,28%;" 114 ";€ 1.140,00;€ 4.891,00;€ 0,00;€ 0,00;€ 11.402,00;€ 11.402,00;€ 16.293,00;€ 2,04;€ 0,00;€ 0,00;€ 0,00;€ 0,00;€ 0,00;€ 0,00;€ 11.402,00;;;;;
"Gruppo FAI di Fabriano";" 10 ";" 5.150 ";" -   ";" 15 ";" 10 ";" 160 ";" -   ";" -   ";€ 0,00;" 4 ";€ 282,00;" 4 ";0,08%;" -   ";€ 0,00;€ 282,00;€ 0,00;;€ 2.705,00;€ 2.705,00;€ 2.987,00;€ 0,58;€ 0,00;€ 0,00;€ 0,00;€ 0,00;€ 0,00;€ 0,00;€ 2.705,00;;;;;
"Gruppo FAI di Jesi e Vallesina";" 2 ";" 1.400 ";" -   ";" 22 ";" 10 ";" 106 ";" -   ";" 7 ";€ 255,00;" 23 ";€ 758,00;" 30 ";2,14%;" 80 ";€ 800,00;€ 1.823,00;€ 0,00;€ 0,00;€ 2.626,00;€ 2.626,00;€ 4.449,00;€ 3,18;€ 0,00;€ 0,00;€ 0,00;€ 0,00;€ 63,79;€ 63,79;€ 2.562,21;;;;;
"Gruppo FAI di Senigallia";" 6 ";" 1.020 ";" -   ";" 20 ";" -   ";" 218 ";" -   ";" 20 ";€ 713,00;" 33 ";€ 1.173,00;" 53 ";5,20%;" 23 ";€ 230,00;€ 2.116,00;€ 0,00;€ 0,00;€ 1.504,00;€ 1.504,00;€ 3.620,00;€ 3,55;€ 0,00;€ 0,00;€ 0,00;€ 0,00;€ 60,00;€ 60,00;€ 1.444,00;;;;;
"Delegazione FAI di Ascoli Piceno";" 7 ";" 9.079 ";" -   ";" 30 ";" 6 ";" 300 ";" 11 ";" 137 ";€ 4.563,00;" 87 ";€ 2.958,00;" 224 ";2,47%;" 100 ";€ 1.010,00;€ 8.672,00;€ 0,00;€ 250,00;€ 6.395,40;€ 6.645,40;€ 15.067,40;€ 1,66;€ 0,00;€ 0,00;€ 0,00;€ 0,00;€ 305,00;€ 305,00;€ 6.340,40;;;;;
"Gruppo FAI di San Benedetto del Tronto";" 5 ";" 3.000 ";" -   ";" 16 ";" 2 ";" 260 ";" -   ";" 37 ";€ 1.323,00;" 24 ";€ 828,00;" 61 ";2,03%;" 37 ";€ 370,00;€ 2.541,00;€ 0,00;€ 0,00;€ 1.285,00;€ 1.285,00;€ 3.826,00;€ 1,28;€ 0,00;€ 0,00;€ 0,00;€ 0,00;€ 0,00;€ 0,00;€ 1.285,00;;;;;
"Delegazione FAI di Fermo";" 5 ";" 5.900 ";" -   ";" 31 ";" -   ";" 130 ";" -   ";" 94 ";€ 3.102,00;" 47 ";€ 1.568,00;" 141 ";2,39%;" 31 ";€ 310,00;€ 5.033,00;€ 0,00;€ 0,00;€ 3.961,00;€ 3.961,00;€ 8.994,00;€ 1,52;€ 0,00;€ 0,00;€ 0,00;€ 0,00;€ 0,00;€ 0,00;€ 3.961,00;;;;;
"Delegazione FAI di Macerata";" 6 ";" 4.384 ";" 12 ";" 46 ";" 22 ";" 193 ";" -   ";" 146 ";€ 4.840,00;" 54 ";€ 1.779,00;" 200 ";4,56%;" 102 ";€ 1.020,00;€ 7.639,00;€ 0,00;€ 500,00;€ 6.084,40;€ 6.584,40;€ 13.723,40;€ 3,13;€ 0,00;€ 0,00;€ 0,00;€ 0,00;€ 0,00;€ 0,00;€ 6.584,40;;;;;
"Delegazione FAI di Pesaro e Urbino";" 26 ";" 16.500 ";" -   ";" 120 ";" 10 ";" 600 ";" 12 ";" 124 ";€ 4.028,00;" 76 ";€ 2.698,00;" 200 ";1,21%;" 58 ";€ 580,00;€ 7.306,00;€ 0,00;€ 0,00;€ 13.405,00;€ 13.405,00;€ 20.711,00;€ 1,26;€ 0,00;€ 0,00;€ 0,00;€ 0,00;€ 237,11;€ 237,11;€ 13.167,89;;;;;
"MOLISE";;;;;;;;;;;;;;;;;;;;;;;;;;;;;;;;;;
"Delegazione FAI di Campobasso";" 2 ";" 683 ";" -   ";" 10 ";" -   ";" 37 ";" -   ";" 6 ";€ 216,00;" 3 ";€ 105,00;" 9 ";1,32%;" 50 ";€ 500,00;€ 841,00;€ 0,00;€ 0,00;€ 704,00;€ 704,00;€ 1.545,00;€ 2,26;€ 0,00;€ 0,00;€ 0,00;€ 0,00;€ 0,00;€ 0,00;€ 704,00;;;;;
"Gruppo FAI di Isernia";" 3 ";" 360 ";" -   ";" 7 ";" -   ";" 38 ";" -   ";" -   ";€ 0,00;" 2 ";€ 59,00;" 2 ";0,56%;" 20 ";€ 200,00;€ 319,00;€ 0,00;€ 0,00;€ 254,00;€ 254,00;€ 573,00;€ 1,59;€ 0,00;€ 0,00;€ 0,00;€ 0,00;€ 0,00;€ 0,00;€ 254,00;;;;;
"PIEMONTE";;;;;;;;;;;;;;;;;;;;;;;;;;;;;;;;;;
"Delegazione FAI del Verbano Cusio Ossola";" 2 ";" 1.400 ";" -   ";" 32 ";" 16 ";" 80 ";" 3 ";" 10 ";€ 287,00;" 10 ";€ 305,00;" 20 ";1,43%;" -   ";€ 0,00;€ 592,00;€ 0,00;€ 0,00;€ 1.312,50;€ 1.312,50;€ 1.904,50;€ 1,36;€ 0,00;€ 0,00;€ 0,00;€ 0,00;€ 137,66;€ 137,66;€ 1.174,84;;;;;
"Delegazione FAI della Valle di Susa";" 4 ";" 532 ";" -   ";" 26 ";" -   ";" 59 ";" -   ";" 41 ";€ 1.315,00;" 19 ";€ 579,00;" 60 ";11,28%;" 1 ";€ 20,00;€ 1.974,00;€ 0,00;€ 0,00;€ 976,50;€ 976,50;€ 2.950,50;€ 5,55;€ 0,00;€ 0,00;€ 0,00;€ 0,00;€ 0,00;€ 0,00;€ 976,50;;;;;
"Gruppo FAI della Val Sangone";" 1 ";" 826 ";" -   ";" 15 ";" -   ";" -   ";" -   ";" 37 ";€ 1.197,00;" -   ";€ 0,00;" 37 ";4,48%;" -   ";€ 0,00;€ 1.197,00;€ 0,00;€ 0,00;€ 795,46;€ 795,46;€ 1.992,46;€ 2,41;€ 0,00;€ 0,00;€ 0,00;€ 0,00;€ 0,00;€ 0,00;€ 795,46;;;;;
"Delegazione FAI di Alessandria";" 4 ";" 1.963 ";" -   ";" 30 ";" -   ";" 120 ";" -   ";" 24 ";€ 783,00;" 19 ";€ 617,00;" 43 ";2,19%;" 3 ";€ 30,00;€ 1.430,00;€ 0,00;€ 0,00;€ 3.115,00;€ 3.115,00;€ 4.545,00;€ 2,32;€ 0,00;€ 0,00;€ 0,00;€ 0,00;€ 0,00;€ 0,00;€ 3.115,00;;;;;
"Gruppo FAI di Castellazzo Bormida";" 3 ";" 530 ";" -   ";" 15 ";" 5 ";" -   ";" -   ";" 12 ";€ 387,00;" 25 ";€ 822,00;" 37 ";6,98%;" 5 ";€ 50,00;€ 1.259,00;€ 0,00;€ 0,00;€ 900,00;€ 900,00;€ 2.159,00;€ 4,07;€ 0,00;€ 0,00;€ 0,00;€ 0,00;€ 0,00;€ 0,00;€ 900,00;;;;;
"Gruppo FAI di Ovada";" 3 ";" 200 ";" -   ";" -   ";" -   ";" -   ";" -   ";" 5 ";€ 177,00;" 4 ";€ 138,00;" 9 ";4,50%;" -   ";€ 0,00;€ 315,00;€ 0,00;€ 0,00;€ 380,00;€ 380,00;€ 695,00;€ 3,48;€ 0,00;€ 0,00;€ 0,00;€ 0,00;€ 0,00;€ 0,00;€ 380,00;;;;;
"Gruppo FAI di La Strada Franca";" 3 ";" 1.326 ";" -   ";" 9 ";" -   ";" -   ";0;" 11 ";€ 343,00;" 10 ";€ 318,00;" 21 ";1,58%;" 2 ";€ 20,00;€ 681,00;€ 0,00;€ 0,00;€ 3.230,00;€ 3.230,00;€ 3.911,00;€ 2,95;€ 0,00;€ 0,00;€ 0,00;€ 0,00;€ 0,00;€ 0,00;€ 3.230,00;;;;;2659
"Gruppo FAI di Via Aemilia Scauri";" 1 ";" 1.430 ";" -   ";" 24 ";" -   ";" -   ";" -   ";" 7 ";€ 186,00;" 13 ";€ 441,00;" 20 ";1,40%;" -   ";€ 0,00;€ 627,00;€ 0,00;€ 0,00;€ 3.224,00;€ 3.224,00;€ 3.851,00;€ 2,69;€ 0,00;€ 0,00;€ 0,00;€ 0,00;€ 0,00;€ 0,00;€ 3.224,00;;;;;39
"Delegazione FAI di Asti";" 2 ";" 1.010 ";" -   ";" 9 ";" -   ";" 8 ";0;" 9 ";€ 279,00;" 12 ";€ 359,00;" 21 ";2,08%;" -   ";€ 0,00;€ 638,00;€ 0,00;€ 0,00;€ 1.832,00;€ 1.832,00;€ 2.470,00;€ 2,45;€ 0,00;€ 0,00;€ 0,00;€ 0,00;€ 0,00;€ 0,00;€ 1.832,00;;;;;
"Delegazione FAI di Biella";" 5 ";" 3.700 ";" -   ";" 34 ";" 6 ";" 70 ";" -   ";" 60 ";€ 1.894,00;" 30 ";€ 930,00;" 90 ";2,43%;" 1 ";€ 10,00;€ 2.834,00;€ 0,00;€ 0,00;€ 6.778,30;€ 6.778,30;€ 9.612,30;€ 2,60;€ 0,00;€ 0,00;€ 0,00;€ 0,00;€ 0,00;€ 0,00;€ 6.778,30;;;;;
"Delegazione FAI di Casale Monferrato";" 6 ";" 3.838 ";" -   ";" 16 ";" -   ";" 147 ";" 6 ";" 30 ";€ 953,00;" 40 ";€ 1.452,00;" 70 ";1,82%;" 4 ";€ 40,00;€ 2.445,00;€ 0,00;€ 0,00;€ 1.814,30;€ 1.814,30;€ 4.259,30;€ 1,11;€ 0,00;€ 0,00;€ 0,00;€ 0,00;€ 0,00;€ 0,00;€ 1.814,30;;;;;
"Delegazione FAI di Cuneo";" 8 ";" 5.100 ";" -   ";" 60 ";" 4 ";" 70 ";" -   ";" 46 ";€ 1.439,00;" 15 ";€ 468,00;" 61 ";1,20%;" 59 ";€ 590,00;€ 2.537,00;€ 0,00;€ 0,00;€ 4.955,00;€ 4.955,00;€ 7.492,00;€ 1,47;€ 0,00;€ 0,00;€ 0,00;€ 0,00;€ 0,00;€ 0,00;€ 4.955,00;;;;;
"Gruppo FAI di Saluzzo";" 3 ";" 1.400 ";" -   ";" 22 ";" -   ";" 13 ";" -   ";" 55 ";€ 1.809,00;" 23 ";€ 867,00;" 78 ";5,57%;" -   ";€ 0,00;€ 2.676,00;€ 0,00;€ 0,00;€ 5.493,00;€ 5.493,00;€ 8.169,00;€ 5,84;€ 0,00;€ 0,00;€ 0,00;€ 126,22;€ 556,00;€ 682,22;€ 4.810,78;;;;;
"Delegazione FAI di Ivrea e Canavese";" 4 ";" 4.577 ";" -   ";" 21 ";" -   ";" 60 ";" -   ";" 41 ";€ 1.295,00;" 22 ";€ 759,00;" 63 ";1,38%;" -   ";€ 0,00;€ 2.134,00;€ 0,00;€ 0,00;€ 6.270,75;€ 6.270,75;€ 8.404,75;€ 1,84;€ 0,00;€ 0,00;€ 0,00;€ 0,00;€ 0,00;€ 0,00;€ 6.270,75;;;;;
"Delegazione FAI di Novara";" 11 ";" 4.711 ";" 2 ";" 142 ";" -   ";" 460 ";" -   ";" 45 ";€ 1.478,00;" 38 ";€ 1.145,00;" 83 ";1,76%;" 12 ";€ 120,00;€ 2.743,00;€ 0,00;€ 0,00;€ 1.774,50;€ 1.774,50;€ 4.517,50;€ 0,96;€ 0,00;€ 0,00;€ 0,00;€ 0,00;€ 0,00;€ 0,00;€ 1.774,50;;;;;
"Gruppo FAI Laghi Alto Novarese";" 11 ";" 12.730 ";" 5 ";" 29 ";" 15 ";" 175 ";" -   ";" 37 ";€ 1.580,00;" 61 ";€ 2.205,00;" 98 ";0,77%;" 14 ";€ 140,00;€ 3.925,00;€ 0,00;€ 0,00;€ 5.562,10;€ 5.562,10;€ 9.487,10;€ 0,75;€ 0,00;€ 0,00;€ 0,00;€ 0,00;€ 0,00;€ 0,00;€ 5.562,10;;;;;
"Gruppo FAI di Monte Regio (Colline Novaresi)";" 4 ";" 5.333 ";" -   ";" 15 ";" -   ";" 60 ";" -   ";" 32 ";€ 1.007,00;" 23 ";€ 710,00;" 55 ";1,03%;" 6 ";€ 60,00;€ 1.777,00;€ 0,00;€ 0,00;€ 2.330,00;€ 2.330,00;€ 4.107,00;€ 0,77;€ 0,00;€ 0,00;€ 0,00;€ 0,00;€ 0,00;€ 0,00;€ 2.330,00;;;;;
"Gruppo FAI di Ticino";" 5 ";" 1.050 ";" -   ";" 16 ";" 15 ";" 40 ";" -   ";" 3 ";€ 165,00;" 2 ";€ 99,00;" 5 ";0,48%;" 1 ";€ 10,00;€ 274,00;€ 0,00;€ 0,00;€ 625,60;€ 625,60;€ 899,60;€ 0,86;€ 0,00;€ 0,00;€ 0,00;€ 0,00;€ 0,00;€ 0,00;€ 625,60;;;;;
"Delegazione FAI di Novi Ligure";" 6 ";" 4.000 ";" -   ";" 36 ";" 8 ";" 54 ";" 19 ";" 22 ";€ 702,00;" 24 ";€ 796,00;" 46 ";1,15%;" 6 ";€ 60,00;€ 1.558,00;€ 0,00;€ 0,00;€ 4.768,50;€ 4.768,50;€ 6.326,50;€ 1,58;€ 0,00;€ 0,00;€ 0,00;€ 0,00;€ 0,00;€ 0,00;€ 4.768,50;;;;;
"Gruppo FAI di Mornese";" 1 ";" 900 ";" -   ";" 28 ";" -   ";" 30 ";" -   ";" 4 ";€ 138,00;" 2 ";€ 60,00;" 6 ";0,67%;" 21 ";€ 210,00;€ 418,00;€ 0,00;€ 0,00;€ 646,26;€ 646,26;€ 1.064,26;€ 1,18;€ 0,00;€ 0,00;€ 0,00;€ 0,00;€ 0,00;€ 0,00;€ 646,26;;;;;
"Delegazione FAI di Torino";" 15 ";" 15.200 ";" 100 ";" 135 ";" 28 ";" 130 ";" 10 ";" 464 ";€ 14.691,00;" 174 ";€ 5.702,00;" 638 ";4,20%;" 12 ";€ 150,00;€ 20.725,00;€ 0,00;€ 0,00;€ 21.955,37;€ 21.955,37;€ 42.680,37;€ 2,81;€ 0,00;€ 0,00;€ 0,00;€ 63,81;€ 3.973,60;€ 4.037,41;€ 17.917,96;;;;;
"Gruppo FAI delle Colline dal Po al Monferrato";" 1 ";" 98 ";" -   ";" 8 ";" -   ";" 2 ";" -   ";" 11 ";€ 338,00;" 6 ";€ 198,00;" 17 ";17,35%;" -   ";€ 0,00;€ 536,00;€ 0,00;€ 0,00;€ 526,00;€ 526,00;€ 1.062,00;€ 10,84;€ 0,00;€ 0,00;€ 0,00;€ 0,00;€ 0,00;€ 0,00;€ 526,00;;;;;
"Delegazione FAI di Tortona";" 1 ";" 422 ";" -   ";" 10 ";" -   ";" 25 ";" -   ";" 7 ";€ 225,00;" 12 ";€ 414,00;" 19 ";4,50%;" -   ";€ 0,00;€ 639,00;€ 0,00;€ 0,00;€ 475,00;€ 475,00;€ 1.114,00;€ 2,64;€ 0,00;€ 0,00;€ 0,00;€ 0,00;€ 0,00;€ 0,00;€ 475,00;;;;;
"Delegazione FAI della Valsesia";" 16 ";" 13.625 ";" -   ";" -   ";" -   ";" -   ";" -   ";" 23 ";€ 552,00;" 44 ";€ 1.523,00;" 67 ";0,49%;" -   ";€ 0,00;€ 2.075,00;€ 0,00;€ 0,00;€ 2.578,51;€ 2.578,51;€ 4.653,51;€ 0,34;€ 0,00;€ 0,00;€ 0,00;€ 0,00;€ 0,00;€ 0,00;€ 2.578,51;;;;;
"Delegazione FAI di Vercelli ";" 4 ";" 1.081 ";" -   ";" 30 ";" -   ";" 32 ";" 12 ";" 15 ";€ 484,00;" 10 ";€ 363,00;" 25 ";2,31%;" 12 ";€ 120,00;€ 967,00;€ 0,00;€ 0,00;€ 1.006,00;€ 1.006,00;€ 1.973,00;€ 1,83;€ 0,00;€ 0,00;€ 0,00;€ 0,00;€ 0,00;€ 0,00;€ 1.006,00;;;;;
"PUGLIA";;;;;;;;;;;;;;;;;;;;;;;;;;;;;;;;;;
"Delegazione FAI di Andria Barletta Trani";" 1 ";" 600 ";" -   ";" 9 ";" 2 ";" 30 ";0;" 15 ";€ 549,00;" 1 ";€ 20,00;" 16 ";2,67%;" 44 ";€ 440,00;€ 1.019,00;€ 0,00;€ 0,00;€ 725,00;€ 725,00;€ 1.744,00;€ 2,91;€ 0,00;€ 0,00;€ 0,00;€ 0,00;€ 0,00;€ 0,00;€ 725,00;;;;;
"Delegazione FAI di Bari";" 4 ";" 18.900 ";" 25 ";" 92 ";" 6 ";" 290 ";0;" 148 ";€ 4.732,00;" 65 ";€ 2.160,00;" 213 ";1,13%;" 23 ";€ 230,00;€ 7.124,00;€ 0,00;€ 0,00;€ 15.165,67;€ 15.165,67;€ 22.289,67;€ 1,18;€ 0,00;€ 0,00;€ 0,00;€ 0,00;€ 124,67;€ 124,67;€ 15.041,00;;;;;
"Delegazione FAI di Brindisi";" 2 ";" 1.200 ";" -   ";" 8 ";" -   ";" 49 ";" -   ";" 15 ";€ 537,00;" 9 ";€ 315,00;" 24 ";2,00%;" 29 ";€ 290,00;€ 1.152,00;€ 0,00;€ 0,00;€ 623,00;€ 623,00;€ 1.775,00;€ 1,48;€ 0,00;€ 0,00;€ 0,00;€ 0,00;€ 0,00;€ 0,00;€ 623,00;;;;;
"Delegazione FAI di Foggia";" 14 ";" 2.600 ";" 25 ";" 34 ";" 14 ";" 130 ";" -   ";" 44 ";€ 1.486,00;" 7 ";€ 219,00;" 51 ";1,96%;" 31 ";€ 310,00;€ 2.015,00;€ 0,00;€ 0,00;€ 1.374,00;€ 1.374,00;€ 3.389,00;€ 1,30;€ 0,00;€ 0,00;€ 0,00;€ 0,00;€ 0,00;€ 0,00;€ 1.374,00;;;;;
"Delegazione FAI di Lecce";" 7 ";" 9.112 ";" 71 ";" 50 ";" 10 ";" 388 ";" 1 ";" 88 ";€ 2.792,00;" 33 ";€ 1.081,00;" 121 ";1,33%;" 76 ";€ 780,00;€ 4.660,00;€ 0,00;€ 1.500,00;€ 8.961,37;€ 10.461,37;€ 13.621,37;€ 1,49;€ 0,00;€ 0,00;€ 0,00;€ 0,00;€ 1.463,00;€ 1.463,00;€ 8.998,37;;;;;
"Delegazione FAI di Taranto";" 8 ";" 4.300 ";" -   ";" 34 ";" 20 ";" 363 ";" -   ";" 44 ";€ 1.497,00;" 13 ";€ 434,00;" 57 ";1,33%;" 105 ";€ 1.050,00;€ 2.991,00;€ 0,00;€ 0,00;€ 2.728,73;€ 2.728,73;€ 5.719,73;€ 1,33;€ 0,00;€ 0,00;€ 0,00;€ 0,00;€ 398,95;€ 398,95;€ 2.329,78;;;;;
"Gruppo FAI di Altamura";" 1 ";" 1.726 ";" -   ";" 12 ";" -   ";" 26 ";" -   ";" 6 ";€ 234,00;" 2 ";€ 78,00;" 8 ";0,46%;" 3 ";€ 30,00;€ 342,00;€ 0,00;€ 0,00;€ 2.347,00;€ 2.347,00;€ 2.689,00;€ 1,56;€ 0,00;€ 0,00;€ 0,00;€ 0,00;€ 0,00;€ 0,00;€ 2.347,00;;;;;
"Gruppo FAI di Martina Franca";" 4 ";" 657 ";" 10 ";" 6 ";" 4 ";" 60 ";" -   ";" 4 ";€ 138,00;" -   ";€ 0,00;" 4 ";0,61%;" 3 ";€ 30,00;€ 168,00;€ 0,00;€ 0,00;€ 532,40;€ 532,40;€ 700,40;€ 1,07;€ 0,00;€ 0,00;€ 0,00;€ 0,00;€ 0,00;€ 0,00;€ 532,40;;;;;
"Gruppo FAI di Monopoli";" 3 ";" 1.704 ";" -   ";" 14 ";" 9 ";" 192 ";" -   ";" 12 ";€ 392,00;" 4 ";€ 110,00;" 16 ";0,94%;" -   ";€ 0,00;€ 502,00;€ 0,00;€ 0,00;€ 2.381,00;€ 2.381,00;€ 2.883,00;€ 1,69;€ 0,00;€ 0,00;€ 0,00;€ 0,00;€ 50,00;€ 50,00;€ 2.331,00;;;;;
"SARDEGNA";;;;;;;;;;;;;;;;;;;;;;;;;;;;;;;;;;
"Delegazione FAI di Cagliari";" 1 ";" 2.500 ";" -   ";" 30 ";" 4 ";" 35 ";" -   ";" 56 ";€ 1.834,00;" 9 ";€ 297,00;" 65 ";2,60%;" 11 ";€ 110,00;€ 2.241,00;€ 0,00;€ 300,00;€ 6.033,69;€ 6.333,69;€ 8.274,69;€ 3,31;€ 0,00;€ 0,00;€ 0,00;€ 0,00;€ 227,13;€ 227,13;€ 6.106,56;;;;;
"Delegazione FAI di Nuoro";" 1 ";" 720 ";" -   ";" 35 ";" 4 ";" 40 ";" -   ";" 20 ";€ 706,00;" 22 ";€ 804,00;" 42 ";5,83%;" 13 ";€ 130,00;€ 1.640,00;€ 0,00;€ 0,00;€ 922,00;€ 922,00;€ 2.562,00;€ 3,56;€ 50,00;€ 0,00;€ 0,00;€ 0,00;€ 707,65;€ 757,65;€ 164,35;;;;;
"Gruppo FAI dell'Ogliastra";" 1 ";" 600 ";" -   ";" 3 ";" -   ";" 7 ";" -   ";" 15 ";€ 541,00;" 2 ";€ 41,00;" 17 ";2,83%;" 2 ";€ 20,00;€ 602,00;€ 0,00;€ 0,00;€ 530,00;€ 530,00;€ 1.132,00;€ 1,89;€ 0,00;€ 0,00;€ 0,00;€ 0,00;€ 234,85;€ 234,85;€ 295,15;;;;;
"Delegazione FAI di Sassari";" 1 ";" 2.690 ";" -   ";" 35 ";" 6 ";" 185 ";" -   ";" 13 ";€ 379,00;" 23 ";€ 831,00;" 36 ";1,34%;" 18 ";€ 180,00;€ 1.390,00;€ 0,00;€ 0,00;€ 7.466,00;€ 7.466,00;€ 8.856,00;€ 3,29;€ 320,00;€ 400,00;€ 0,00;€ 50,00;€ 145,00;€ 915,00;€ 6.551,00;;;;;
"SICILIA";;;;;;;;;;;;;;;;;;;;;;;;;;;;;;;;;;
"Delegazione FAI di Agrigento";" 36 ";" 8.700 ";" 15 ";" 80 ";" 40 ";" 800 ";" 1 ";" 70 ";€ 2.598,00;" 59 ";€ 2.393,00;" 129 ";1,48%;" 85 ";€ 850,00;€ 5.841,00;€ 0,00;€ 0,00;€ 5.488,00;€ 5.488,00;€ 11.329,00;€ 1,30;€ 0,00;€ 0,00;€ 0,00;€ 0,00;€ 0,00;€ 0,00;€ 5.488,00;;;;;
"Delegazione FAI di Catania";" 13 ";" 10.000 ";" -   ";" 30 ";" 10 ";" 1.300 ";0;" 194 ";€ 6.078,00;" 72 ";€ 2.845,00;" 266 ";2,66%;" 142 ";€ 1.420,00;€ 10.343,00;€ 0,00;€ 0,00;€ 6.438,00;€ 6.438,00;€ 16.781,00;€ 1,68;€ 0,00;€ 0,00;€ 0,00;€ 0,00;€ 0,00;€ 0,00;€ 6.438,00;;;;;
"Gruppo FAI di Acireale";" 7 ";" 1.500 ";" -   ";" 19 ";" 2 ";" 389 ";" -   ";" 21 ";€ 719,00;" 30 ";€ 1.101,00;" 51 ";3,40%;" 22 ";€ 220,00;€ 2.040,00;€ 0,00;€ 0,00;€ 1.051,50;€ 1.051,50;€ 3.091,50;€ 2,06;€ 0,00;€ 0,00;€ 0,00;€ 0,00;€ 0,00;€ 0,00;€ 1.051,50;;;;;
"Gruppo FAI di Caltagirone";" 2 ";" 1.033 ";" -   ";" 14 ";" 3 ";" 292 ";" -   ";" 19 ";€ 574,00;" 10 ";€ 325,00;" 29 ";2,81%;" 2 ";€ 20,00;€ 948,00;€ 0,00;€ 0,00;€ 2.382,83;€ 2.382,83;€ 3.330,83;€ 3,22;€ 0,00;€ 0,00;€ 0,00;€ 0,00;€ 0,00;€ 0,00;€ 2.382,83;;;;;
"Delegazione FAI di Enna";" 1 ";" 380 ";" -   ";" 10 ";" 2 ";" 112 ";" 2 ";" 11 ";€ 341,00;" 5 ";€ 155,00;" 16 ";4,21%;" 8 ";€ 80,00;€ 576,00;€ 0,00;€ 0,00;€ 50,00;€ 50,00;€ 626,00;€ 1,65;€ 0,00;€ 0,00;€ 0,00;€ 0,00;€ 0,00;€ 0,00;€ 50,00;;;;;
"Gruppo FAI di Nicosia";" 2 ";" 700 ";" -   ";" 10 ";" 2 ";" 110 ";" -   ";" 14 ";€ 488,00;" 16 ";€ 541,00;" 30 ";4,29%;" 13 ";€ 130,00;€ 1.159,00;€ 0,00;€ 0,00;€ 0,00;€ 0,00;€ 1.159,00;€ 1,66;€ 0,00;€ 0,00;€ 0,00;€ 0,00;€ 0,00;€ 0,00;€ 0,00;;;;;
"Gruppo FAI di Piazza Armerina";" 1 ";" 320 ";" 25 ";" 10 ";" 4 ";" 10 ";" -   ";" 14 ";€ 451,00;" -   ";€ 0,00;" 14 ";4,38%;" 4 ";€ 40,00;€ 491,00;€ 0,00;€ 0,00;€ 195,00;€ 195,00;€ 686,00;€ 2,14;€ 0,00;€ 0,00;€ 0,00;€ 0,00;€ 0,00;€ 0,00;€ 195,00;;;;;
"Delegazione FAI di Messina ";" 10 ";" 8.800 ";" -   ";" 25 ";" -   ";" 350 ";" -   ";" 30 ";€ 1.004,00;" 47 ";€ 1.677,00;" 77 ";0,88%;" 1 ";€ 10,00;€ 2.691,00;€ 0,00;€ 0,00;€ 2.342,00;€ 2.342,00;€ 5.033,00;€ 0,57;€ 0,00;€ 0,00;€ 0,00;€ 0,00;€ 0,00;€ 0,00;€ 2.342,00;;;;;
"Gruppo FAI di Giardini Naxos Taormina";" 1 ";" 800 ";" -   ";" 10 ";" -   ";" 50 ";" -   ";" 5 ";€ 177,00;" -   ";€ 0,00;" 5 ";0,63%;" -   ";€ 0,00;€ 177,00;€ 0,00;€ 0,00;€ 435,00;€ 435,00;€ 612,00;€ 0,77;€ 0,00;€ 0,00;€ 0,00;€ 0,00;€ 0,00;€ 0,00;€ 435,00;;;;;
"Delegazione FAI di Palermo";" 19 ";" 12.550 ";" 20 ";" 67 ";" 8 ";" 650 ";" -   ";" 102 ";€ 3.381,00;" 32 ";€ 1.067,00;" 134 ";1,07%;" 13 ";€ 130,00;€ 4.578,00;€ 0,00;€ 0,00;€ 11.832,00;€ 11.832,00;€ 16.410,00;€ 1,31;€ 0,00;€ 0,00;€ 0,00;€ 0,00;€ 38,00;€ 38,00;€ 11.794,00;;;;;
"Gruppo FAI di Bagheria";" 1 ";" 2.000 ";" 10 ";" 20 ";" -   ";" 165 ";" -   ";" 9 ";€ 326,00;" 6 ";€ 212,00;" 15 ";0,75%;" -   ";€ 0,00;€ 538,00;€ 0,00;€ 0,00;€ 182,00;€ 182,00;€ 720,00;€ 0,36;€ 0,00;€ 0,00;€ 0,00;€ 0,00;€ 12,70;€ 12,70;€ 169,30;;;;;
"Gruppo FAI di Caccamo";" 1 ";" 500 ";" -   ";" 8 ";" 3 ";" 20 ";" -   ";" 4 ";€ 137,00;" -   ";€ 0,00;" 4 ";0,80%;" -   ";€ 0,00;€ 137,00;€ 0,00;€ 0,00;€ 63,00;€ 63,00;€ 200,00;€ 0,40;€ 0,00;€ 0,00;€ 0,00;€ 0,00;€ 0,00;€ 0,00;€ 63,00;;;;;
"Gruppo FAI di Carini";" 2 ";" 200 ";" -   ";" 6 ";" -   ";" 80 ";" -   ";" 3 ";€ 117,00;" 5 ";€ 195,00;" 8 ";4,00%;" 4 ";€ 40,00;€ 352,00;€ 0,00;€ 0,00;€ 19,00;€ 19,00;€ 371,00;€ 1,86;€ 0,00;€ 0,00;€ 0,00;€ 0,00;€ 0,00;€ 0,00;€ 19,00;;;;;
"Gruppo FAI di Corleone";" 3 ";" 420 ";" -   ";" 10 ";" 3 ";" 110 ";" 2 ";" 2 ";€ 78,00;" 2 ";€ 60,00;" 4 ";0,95%;" 23 ";€ 230,00;€ 368,00;€ 0,00;€ 0,00;€ 649,00;€ 649,00;€ 1.017,00;€ 2,42;€ 0,00;€ 0,00;€ 0,00;€ 0,00;€ 86,00;€ 86,00;€ 563,00;;;;;
"Delegazione FAI di Ragusa";" 12 ";" 7.200 ";" 52 ";" 76 ";" 15 ";" 625 ";" 2 ";" 8 ";€ 294,00;" 15 ";€ 489,00;" 23 ";0,32%;" 14 ";€ 145,00;€ 928,00;€ 0,00;€ 0,00;€ 3.934,00;€ 3.934,00;€ 4.862,00;€ 0,68;€ 50,00;€ 0,00;€ 44,00;€ 0,00;€ 1,00;€ 95,00;€ 3.839,00;;;;;
"Gruppo FAI di Scicli";" 3 ";" 1.000 ";" -   ";" 7 ";" -   ";" 74 ";" -   ";" 5 ";€ 183,00;" 7 ";€ 237,00;" 12 ";1,20%;" 7 ";€ 70,00;€ 490,00;€ 0,00;€ 0,00;€ 611,00;€ 611,00;€ 1.101,00;€ 1,10;€ 0,00;€ 0,00;€ 0,00;€ 0,00;€ 0,00;€ 0,00;€ 611,00;;;;;
"Delegazione FAI di Siracusa";" 3 ";" 3.250 ";" -   ";" 30 ";" 30 ";" 200 ";" -   ";" 18 ";€ 627,00;" 21 ";€ 737,00;" 39 ";1,20%;" 9 ";€ 90,00;€ 1.524,00;€ 0,00;€ 0,00;€ 3.265,00;€ 3.265,00;€ 4.789,00;€ 1,47;€ 0,00;€ 0,00;€ 0,00;€ 0,00;€ 0,00;€ 0,00;€ 3.265,00;;;;;
"Delegazione FAI di Trapani";" 2 ";" 1.500 ";" 4 ";" 15 ";" 8 ";" 120 ";" -   ";" 15 ";€ 524,00;" 6 ";€ 216,00;" 21 ";1,40%;" 33 ";€ 380,00;€ 1.140,00;€ 0,00;€ 0,00;€ 2.703,50;€ 2.703,50;€ 3.843,50;€ 2,56;€ 0,00;€ 0,00;€ 0,00;€ 0,00;€ 0,00;€ 0,00;€ 2.703,50;;;;;
"Gruppo FAI di Marsala";" 3 ";" 1.600 ";" 10 ";" 15 ";" 6 ";" 130 ";" -   ";" 9 ";€ 350,00;" 12 ";€ 468,00;" 21 ";1,31%;" 24 ";€ 260,00;€ 1.078,00;€ 0,00;€ 0,00;€ 864,00;€ 864,00;€ 1.942,00;€ 1,21;€ 0,00;€ 0,00;€ 0,00;€ 0,00;€ 0,00;€ 0,00;€ 864,00;;;;;
"TOSCANA";;;;;;;;;;;;;;;;;;;;;;;;;;;;;;;;;;
"Delegazione FAI di Arezzo";" 1 ";" 886 ";" -   ";" 30 ";" -   ";" 86 ";" -   ";" 27 ";€ 908,00;" 38 ";€ 1.302,00;" 65 ";7,34%;" -   ";€ 0,00;€ 2.210,00;€ 0,00;€ 350,00;€ 2.420,00;€ 2.770,00;€ 4.630,00;€ 5,23;€ 0,00;€ 0,00;€ 0,00;€ 0,00;€ 0,00;€ 0,00;€ 2.770,00;;;;;
"Delegazione FAI di Firenze";" 7 ";" 13.794 ";" -   ";" 70 ";" -   ";" 476 ";" -   ";" 426 ";€ 13.652,00;" 136 ";€ 4.376,00;" 562 ";4,07%;" 33 ";€ 340,00;€ 18.417,00;€ 0,00;€ 0,00;€ 19.855,00;€ 19.855,00;€ 38.272,00;€ 2,77;€ 0,00;€ 0,00;€ 0,00;€ 0,00;€ 866,40;€ 866,40;€ 18.988,60;;;;;
"Delegazione FAI di Grosseto";" 3 ";" 1.800 ";" -   ";" 17 ";" -   ";" -   ";" -   ";" 71 ";€ 2.302,00;" 44 ";€ 1.440,00;" 115 ";6,39%;" 22 ";€ 220,00;€ 3.962,00;€ 0,00;€ 0,00;€ 6.447,00;€ 6.447,00;€ 10.409,00;€ 5,78;€ 0,00;€ 0,00;€ 0,00;€ 0,00;€ 0,00;€ 0,00;€ 6.447,00;;;;;
"Delegazione FAI di Livorno";" 1 ";" 1.693 ";" -   ";" 20 ";" 6 ";" 36 ";" -   ";" 99 ";€ 3.153,00;" 15 ";€ 464,00;" 114 ";6,73%;" 2 ";€ 30,00;€ 3.743,00;€ 0,00;€ 0,00;€ 2.499,00;€ 2.499,00;€ 6.242,00;€ 3,69;€ 0,00;€ 0,00;€ 0,00;€ 0,00;€ 305,00;€ 305,00;€ 2.194,00;;;;;
"Delegazione FAI di Pisa";" 2 ";" 3.150 ";" -   ";" -   ";" -   ";" -   ";" -   ";" 344 ";€ 10.645,00;" 48 ";€ 1.465,00;" 392 ";12,44%;" 9 ";€ 90,00;€ 12.212,00;€ 0,00;€ 0,00;€ 6.189,00;€ 6.189,00;€ 18.401,00;€ 5,84;€ 0,00;€ 0,00;€ 0,00;€ 0,00;€ 0,00;€ 0,00;€ 6.189,00;;;;;
"Delegazione FAI di Prato";" 3 ";" 815 ";" -   ";" 19 ";" -   ";" -   ";" -   ";" 45 ";€ 1.312,00;" 88 ";€ 2.829,00;" 133 ";16,32%;" 20 ";€ 200,00;€ 4.341,00;€ 0,00;€ 0,00;€ 2.104,00;€ 2.104,00;€ 6.445,00;€ 7,91;€ 0,00;€ 0,00;€ 0,00;€ 0,00;€ 0,00;€ 0,00;€ 2.104,00;;;;;
"Delegazione FAI di Siena";" 2 ";" 6.100 ";" -   ";" 41 ";" -   ";" 50 ";" -   ";" 51 ";€ 1.700,00;" 33 ";€ 1.141,00;" 84 ";1,38%;" 18 ";€ 180,00;€ 3.138,00;€ 0,00;€ 0,00;€ 19.899,50;€ 19.899,50;€ 23.037,50;€ 3,78;€ 0,00;€ 300,00;€ 0,00;€ 0,00;€ 846,00;€ 1.146,00;€ 18.753,50;;;;;
"Gruppo FAI di Pistoia";" 2 ";" 1.023 ";" -   ";" 62 ";" -   ";" 16 ";" -   ";" 43 ";€ 1.466,00;" 72 ";€ 2.383,00;" 115 ";11,24%;" 34 ";€ 340,00;€ 4.249,00;€ 0,00;€ 0,00;€ 2.795,46;€ 2.795,46;€ 7.044,46;€ 6,89;€ 0,00;€ 0,00;€ 0,00;€ 0,00;€ 0,00;€ 0,00;€ 2.795,46;;;;;
"Presidenza Regionale";" 5 ";" 12.320 ";" -   ";" 20 ";" -   ";" 35 ";" 10 ";" 260 ";€ 8.057,00;" 7 ";€ 219,00;" 267 ";2,17%;" -   ";€ 0,00;€ 8.276,00;€ 0,00;€ 0,00;€ 25.729,00;€ 25.729,00;€ 34.005,00;€ 2,76;€ 0,00;€ 0,00;€ 0,00;€ 0,00;€ 0,00;€ 0,00;€ 25.729,00;;;;;
"Gruppo FAI della Maremma";" 3 ";" 1.200 ";" -   ";" 17 ";" -   ";" -   ";" -   ";" 41 ";€ 2.434,00;" 44 ";;" 85 ";7,08%;" 94 ";€ 940,00;€ 3.374,00;€ 0,00;€ 0,00;€ 2.630,00;€ 2.630,00;€ 6.004,00;€ 5,00;€ 0,00;€ 0,00;€ 0,00;€ 0,00;€ 0,00;€ 0,00;€ 2.630,00;;;;;
"TRENTINO ALTO ADIGE";;;;;;;;;;;;;;;;;;;;;;;;;;;;;;;;;;
"Delegazione FAI di Bolzano ";" 1 ";" 3.400 ";" -   ";" 34 ";" 4 ";" 70 ";" -   ";" 37 ";€ 1.168,00;" 41 ";€ 1.328,00;" 78 ";2,29%;" 82 ";€ 840,00;€ 3.403,00;€ 5.500,00;€ 4.500,00;€ 4.447,46;€ 14.447,46;€ 7.850,46;€ 2,31;€ 0,00;€ 0,00;€ 0,00;€ 0,00;€ 0,00;€ 0,00;€ 14.447,46;;;;;
"Gruppo FAI Merano";" 1 ";" 520 ";" -   ";" 18 ";" -   ";" 16 ";" -   ";" 10 ";€ 360,00;" 3 ";€ 99,00;" 13 ";2,50%;" 13 ";€ 130,00;€ 589,00;€ 915,00;€ 0,00;€ 1.203,67;€ 2.118,67;€ 1.792,67;€ 3,45;€ 0,00;€ 0,00;€ 0,00;€ 0,00;€ 915,00;€ 915,00;€ 1.203,67;;;;;
"Delegazione FAI di Trento";" 3 ";" 1.760 ";" -   ";" 32 ";" 3 ";" 40 ";" -   ";" 32 ";€ 980,00;" 29 ";€ 944,00;" 61 ";3,47%;" 37 ";€ 370,00;€ 2.805,00;€ 0,00;€ 5.500,00;€ 2.980,32;€ 8.480,32;€ 5.785,32;€ 3,29;€ 0,00;€ 0,00;€ 0,00;€ 0,00;€ 705,00;€ 705,00;€ 7.775,32;;;;;
"Gruppo FAI della Val di Fiemme - Val di Fassa";" 3 ";" 200 ";" -   ";" 8 ";" -   ";" -   ";" -   ";" 3 ";€ 89,00;" 12 ";€ 429,00;" 15 ";7,50%;" 15 ";€ 150,00;€ 668,00;€ 0,00;€ 0,00;€ 267,97;€ 267,97;€ 935,97;€ 4,68;€ 0,00;€ 0,00;€ 0,00;€ 0,00;€ 0,00;€ 0,00;€ 267,97;;;;;
"Gruppo FAI della Val di Sole";" 7 ";" 1.400 ";" -   ";" 30 ";" -   ";" -   ";" -   ";" 19 ";€ 630,00;" 18 ";€ 608,00;" 37 ";2,64%;" 38 ";€ 380,00;€ 1.628,00;€ 0,00;€ 0,00;€ 1.234,55;€ 1.234,55;€ 2.862,55;€ 2,04;€ 0,00;€ 0,00;€ 0,00;€ 0,00;€ 0,00;€ 0,00;€ 1.234,55;;;;;
"Gruppo FAI di Rovereto e Vallagarina";" 1 ";" 1.480 ";" -   ";" 16 ";" -   ";" -   ";" -   ";" 12 ";€ 382,00;" 12 ";€ 405,00;" 24 ";1,62%;" 12 ";€ 120,00;€ 917,00;€ 0,00;€ 0,00;€ 5.034,22;€ 5.034,22;€ 5.951,22;€ 4,02;€ 0,00;€ 0,00;€ 0,00;€ 0,00;€ 0,00;€ 0,00;€ 5.034,22;;;;;
"UMBRIA";;;;;;;;;;;;;;;;;;;;;;;;;;;;;;;;;;
"Delegazione FAI del Lago Trasimeno";" 7 ";" 4.000 ";" -   ";" 21 ";" -   ";" 1 ";" -   ";" 8 ";€ 248,00;" 6 ";€ 180,00;" 14 ";0,35%;" -   ";€ 0,00;€ 428,00;€ 0,00;€ 0,00;€ 1.222,00;€ 1.222,00;€ 1.650,00;€ 0,41;€ 0,00;€ 0,00;€ 0,00;€ 0,00;€ 0,00;€ 0,00;€ 1.222,00;;;;;
"Delegazione FAI di Perugia";" 2 ";" 1.150 ";" -   ";" 20 ";" 15 ";" 90 ";" -   ";" 10 ";€ 336,00;" 7 ";€ 243,00;" 17 ";1,48%;" 1 ";€ 10,00;€ 589,00;€ 0,00;€ 0,00;€ 1.928,02;€ 1.928,02;€ 2.517,02;€ 2,19;€ 0,00;€ 0,00;€ 0,00;€ 0,00;€ 0,00;€ 0,00;€ 1.928,02;;;;;
"Gruppo FAI Giovani Perugia";" 1 ";" 750 ";" -   ";" 20 ";" 15 ";" 60 ";" -   ";" 5 ";€ 177,00;" 4 ";€ 138,00;" 9 ";1,20%;" -   ";€ 0,00;€ 315,00;€ 0,00;€ 0,00;€ 1.391,86;€ 1.391,86;€ 1.706,86;€ 2,28;€ 0,00;€ 0,00;€ 0,00;€ 0,00;€ 0,00;€ 0,00;€ 1.391,86;;;;;
"Delegazione FAI di Terni";" 3 ";" 3.800 ";" -   ";" 60 ";" -   ";" 35 ";" -   ";" 27 ";€ 934,00;" 46 ";€ 1.487,00;" 73 ";1,92%;" 343 ";€ 3.450,00;€ 5.971,00;€ 0,00;€ 0,00;€ 5.847,00;€ 5.847,00;€ 11.818,00;€ 3,11;€ 0,00;€ 0,00;€ 0,00;€ 0,00;€ 0,00;€ 0,00;€ 5.847,00;;;;;
"Gruppo FAI di Assisi";" 7 ";" 1.000 ";" -   ";" 18 ";" -   ";" 13 ";" 2 ";" 11 ";€ 375,00;" 8 ";€ 282,00;" 19 ";1,90%;" -   ";€ 0,00;€ 657,00;€ 0,00;€ 0,00;€ 3.832,30;€ 3.832,30;€ 4.489,30;€ 4,49;€ 0,00;€ 0,00;€ 0,00;€ 0,00;€ 0,00;€ 0,00;€ 3.832,30;;;;;
"Gruppo FAI di Città di Castello";" 3 ";" 2.000 ";" -   ";" 13 ";" 4 ";" 112 ";" -   ";" 10 ";€ 305,00;" 7 ";€ 255,00;" 17 ";0,85%;" 10 ";€ 100,00;€ 660,00;€ 0,00;€ 0,00;€ 6.841,92;€ 6.841,92;€ 7.501,92;€ 0,00;€ 0,00;€ 0,00;€ 20,00;€ 0,00;€ 0,00;€ 20,00;€ 6.821,92;;;;;
"Gruppo FAI di Foligno";" 6 ";" 3.000 ";" -   ";" 36 ";" -   ";" 200 ";" -   ";" 21 ";€ 632,00;" 17 ";€ 573,00;" 38 ";1,27%;" 62 ";€ 630,00;€ 1.865,00;€ 0,00;€ 0,00;€ 3.340,00;€ 3.340,00;€ 5.205,00;€ 1,74;€ 100,00;€ 0,00;€ 18,00;€ 0,00;€ 144,00;€ 262,00;€ 3.078,00;;;;;
"Gruppo FAI di Gualdo Tadino";" 1 ";" 123 ";" -   ";" 7 ";" -   ";" -   ";" -   ";" -   ";€ 0,00;" 1 ";€ 39,00;" 1 ";0,81%;" 18 ";€ 180,00;€ 258,00;€ 0,00;€ 0,00;€ 129,00;€ 129,00;€ 387,00;€ 3,15;€ 0,00;€ 0,00;€ 0,00;€ 0,00;€ 0,00;€ 0,00;€ 129,00;;;;;
"Gruppo FAI di Spoleto";" 3 ";" 1.100 ";" -   ";" 10 ";" -   ";" 60 ";" -   ";" 4 ";€ 138,00;" 11 ";€ 346,00;" 15 ";1,36%;" 1 ";€ 10,00;€ 494,00;€ 0,00;€ 0,00;€ 1.200,56;€ 1.200,56;€ 1.694,56;€ 1,54;€ 0,00;€ 0,00;€ 0,00;€ 0,00;€ 48,00;€ 48,00;€ 1.152,56;;;;;
"Gruppo FAI di Todi";" 2 ";" 420 ";" -   ";" 12 ";" -   ";" 60 ";" -   ";" 2 ";€ 40,00;" 5 ";€ 159,00;" 7 ";1,67%;" 31 ";€ 310,00;€ 509,00;€ 0,00;€ 0,00;€ 452,30;€ 452,30;€ 961,30;€ 2,29;€ 0,00;€ 0,00;€ 0,00;€ 0,00;€ 0,00;€ 0,00;€ 452,30;;;;;
"VALLE D'AOSTA";;;;;;;;;;;;;;;;;;;;;;;;;;;;;;;;;;
"Delegazione FAI di Aosta";" 1 ";" 2.150 ";" -   ";" 15 ";" -   ";" 6 ";" -   ";" 51 ";€ 1.708,00;" 24 ";€ 789,00;" 75 ";3,49%;" -   ";€ 0,00;€ 2.497,00;€ 0,00;€ 0,00;€ 3.584,00;€ 3.584,00;€ 6.081,00;€ 2,83;€ 0,00;€ 0,00;€ 0,00;€ 0,00;€ 0,00;€ 0,00;€ 3.584,00;;;;;
"VENETO";;;;;;;;;;;;;;;;;;;;;;;;;;;;;;;;;;
"Delegazione FAI di Bassano del Grappa";" 1 ";" 6.000 ";" -   ";" 20 ";" -   ";" 112 ";" 2 ";" 21 ";€ 682,00;" 12 ";€ 411,00;" 33 ";0,55%;" -   ";€ 0,00;€ 1.093,00;€ 0,00;€ 0,00;€ 5.555,00;€ 5.555,00;€ 6.648,00;€ 1,11;€ 0,00;€ 0,00;€ 0,00;€ 0,00;€ 0,00;€ 0,00;€ 5.555,00;;;;;
"Delegazione FAI di Belluno";" 2 ";" 2.922 ";" -   ";" 18 ";" 4 ";" 42 ";" 12 ";" 34 ";€ 1.131,00;" 27 ";€ 926,00;" 61 ";2,09%;" 1 ";€ 10,00;€ 2.067,00;€ 0,00;€ 0,00;€ 9.910,90;€ 9.910,90;€ 11.977,90;€ 4,10;€ 0,00;€ 0,00;€ 0,00;€ 0,00;€ 0,00;€ 0,00;€ 9.910,90;;;;;
"Delegazione FAI di Padova";" 8 ";" 8.832 ";" -   ";" 130 ";" 25 ";" 313 ";" -   ";" 253 ";€ 7.969,00;" 68 ";€ 2.151,00;" 321 ";3,63%;" 11 ";€ 110,00;€ 10.230,00;€ 500,00;€ 0,00;€ 18.081,90;€ 18.581,90;€ 28.311,90;€ 3,21;€ 100,00;€ 150,00;€ 0,00;€ 0,00;€ 238,25;€ 488,25;€ 18.093,65;;;;;
"Delegazione FAI di Portogruaro";" 4 ";" 1.700 ";" -   ";" 7 ";" -   ";" 89 ";" -   ";" 41 ";€ 1.329,00;" 25 ";€ 808,00;" 66 ";3,88%;" -   ";€ 0,00;€ 2.137,00;€ 0,00;€ 0,00;€ 4.319,00;€ 4.319,00;€ 6.456,00;€ 3,80;€ 0,00;€ 0,00;€ 0,00;€ 0,00;€ 0,00;€ 0,00;€ 4.319,00;;;;;
"Delegazione FAI di Rovigo";" 6 ";" 950 ";" -   ";" 35 ";" 10 ";" -   ";" -   ";" 23 ";€ 779,00;" 38 ";€ 1.214,00;" 61 ";6,42%;" 1 ";€ 10,00;€ 2.003,00;€ 0,00;€ 0,00;€ 2.495,00;€ 2.495,00;€ 4.498,00;€ 4,73;€ 0,00;€ 0,00;€ 0,00;€ 0,00;€ 0,00;€ 0,00;€ 2.495,00;;;;;
"Delegazione FAI di Treviso";" 2 ";" 4.000 ";" -   ";" 40 ";" 5 ";" 15 ";" -   ";" 50 ";€ 1.634,00;" 28 ";€ 911,00;" 78 ";1,95%;" 1 ";€ 10,00;€ 2.664,00;€ 0,00;€ 0,00;€ 10.514,00;€ 10.514,00;€ 13.178,00;€ 3,29;€ 620,00;€ 0,00;€ 0,00;€ 0,00;€ 0,00;€ 620,00;€ 9.894,00;;;;;
"Delegazione FAI di Venezia";" 11 ";" 10.000 ";" -   ";" 180 ";" 25 ";" -   ";" 15 ";" 280 ";€ 11.155,00;;;" 280 ";2,80%;" 2 ";;€ 11.155,00;€ 0,00;€ 0,00;€ 24.135,71;€ 24.135,71;€ 35.290,71;€ 3,53;€ 0,00;€ 450,00;€ 0,00;€ 0,00;€ 815,00;€ 1.265,00;€ 22.870,71;;;;;
"Delegazione FAI di Verona";" 4 ";" 5.129 ";" -   ";" 38 ";" -   ";" 120 ";" 2 ";" 158 ";€ 5.025,00;" 42 ";€ 1.373,00;" 200 ";3,90%;" -   ";€ 0,00;€ 6.593,00;€ 0,00;€ 0,00;€ 15.679,00;€ 15.679,00;€ 22.272,00;€ 4,34;€ 0,00;€ 0,00;€ 0,00;€ 0,00;€ 622,00;€ 622,00;€ 15.057,00;;;;;
"Delegazione FAI di Vicenza";" 5 ";" 7.500 ";" -   ";" 40 ";" 10 ";" 180 ";" -   ";" 111 ";€ 3.572,00;" 53 ";€ 1.720,00;" 164 ";2,19%;" -   ";€ 0,00;€ 5.331,00;€ 0,00;€ 0,00;€ 13.630,00;€ 13.630,00;€ 18.961,00;€ 2,53;€ 20,00;€ 0,00;€ 0,00;€ 16,00;€ 42,00;€ 78,00;€ 13.552,00;;;;;
"TOTALE DELEGAZIONI  ";" 999 ";" 762.136 ";" 3.021 ";" 7.402 ";" 1.100 ";" 23.009 ";284;" 14.090 ";€ 453.938,00;" 6.459 ";€ 209.504,00;" 20.549 ";2,70%;" 5.265 ";€ 53.573,00;€ 717.015,00;€ 13.035,00;€ 22.347,00;€ 911.712,29;€ 947.094,29;€ 1.628.727,29;€ 2,14;€ 3.630,00;€ 1.360,00;€ 431,77;€ 285,18;€ 47.010,81;€ 52.717,76;;;;;;
"TOTALE BENI FAI";" 31 ";" 45.450 ";;;;;;" 2.101 ";€ 64.749,00;" 375 ";€ 11.541,00;" 2.604 ";;" 462 ";€ 4.620,00;€ 80.910,00;;;€ 119.305,32;;€ 200.215,32;;;;;;;;;;;;;
"TOTALE DELEGAZIONI + BENI";" 1.030 ";" 807.586 ";;;;;;" 16.191 ";€ 518.687,00;" 6.834 ";€ 221.045,00;" 23.153 ";;" 5.727 ";€ 58.193,00;€ 797.925,00;;;;€ 947.094,29;€ 1.828.942,61;;;;;;;;;;;;;
